,24
0,"{'Date': 'Total', 'Team': '- - -', 'Opp': '- - -', 'BO': '- - -', 'Pos': '- - -', 'divider': '', 'Events': '362', 'EV': '94.4', 'maxEV': '118.6', 'LA': '13.2', 'Barrels': '70', 'Barrel%': '19.3%', 'HardHit': '193', 'HardHit%': '53.3%', 'type': '24'}"
1,"{'Date': '2023-09-03', 'Team': 'LAA', 'Opp': '@OAK', 'BO': '2', 'Pos': 'DH', 'divider': '', 'Events': '1', 'EV': '66.7', 'maxEV': '66.7', 'LA': '74.1', 'Barrels': '0', 'Barrel%': '0.0%', 'HardHit': '0', 'HardHit%': '0.0%', 'type': '24'}"
2,"{'Date': '2023-09-02', 'Team': 'LAA', 'Opp': '@OAK', 'BO': '2', 'Pos': 'DH', 'divider': '', 'Events': '2', 'EV': '79.6', 'maxEV': '83.7', 'LA': '20.6', 'Barrels': '0', 'Barrel%': '0.0%', 'HardHit': '0', 'HardHit%': '0.0%', 'type': '24'}"
3,"{'Date': '2023-09-01', 'Team': 'LAA', 'Opp': '@OAK', 'BO': '3', 'Pos': 'DH', 'divider': '', 'Events': '3', 'EV': '78.6', 'maxEV': '100.9', 'LA': '-14.8', 'Barrels': '0', 'Barrel%': '0.0%', 'HardHit': '1', 'HardHit%': '33.3%', 'type': '24'}"
4,"{'Date': '2023-08-30', 'Team': 'LAA', 'Opp': '@PHI', 'BO': '3', 'Pos': 'DH', 'divider': '', 'Events': '2', 'EV': '102.0', 'maxEV': '105.7', 'LA': '-7.7', 'Barrels': '0', 'Barrel%': '0.0%', 'HardHit': '2', 'HardHit%': '100.0%', 'type': '24'}"
5,"{'Date': '2023-08-29', 'Team': 'LAA', 'Opp': '@PHI', 'BO': '2', 'Pos': 'DH', 'divider': '', 'Events': '5', 'EV': '90.0', 'maxEV': '118.6', 'LA': '8.5', 'Barrels': '1', 'Barrel%': '20.0%', 'HardHit': '2', 'HardHit%': '40.0%', 'type': '24'}"
6,"{'Date': '2023-08-28', 'Team': 'LAA', 'Opp': '@PHI', 'BO': '2', 'Pos': 'DH', 'divider': '', 'Events': '3', 'EV': '80.4', 'maxEV': '106.1', 'LA': '0.8', 'Barrels': '0', 'Barrel%': '0.0%', 'HardHit': '1', 'HardHit%': '33.3%', 'type': '24'}"
7,"{'Date': '2023-08-27', 'Team': 'LAA', 'Opp': '@NYM', 'BO': '2', 'Pos': 'DH', 'divider': '', 'Events': '2', 'EV': '85.2', 'maxEV': '100.5', 'LA': '-1.7', 'Barrels': '0', 'Barrel%': '0.0%', 'HardHit': '1', 'HardHit%': '50.0%', 'type': '24'}"
8,"{'Date': '2023-08-26', 'Team': 'LAA', 'Opp': '@NYM', 'BO': '2', 'Pos': 'DH', 'divider': '', 'Events': '3', 'EV': '92.3', 'maxEV': '109.6', 'LA': '25.8', 'Barrels': '1', 'Barrel%': '33.3%', 'HardHit': '1', 'HardHit%': '33.3%', 'type': '24'}"
9,"{'Date': '2023-08-25', 'Team': 'LAA', 'Opp': '@NYM', 'BO': '2', 'Pos': 'DH', 'divider': '', 'Events': '2', 'EV': '101.3', 'maxEV': '115.4', 'LA': '10.7', 'Barrels': '1', 'Barrel%': '50.0%', 'HardHit': '1', 'HardHit%': '50.0%', 'type': '24'}"
10,"{'Date': '2023-08-23', 'Team': 'LAA', 'Opp': 'CIN', 'BO': '2', 'Pos': 'DH', 'divider': '', 'Events': '4', 'EV': '89.1', 'maxEV': '104.2', 'LA': '-2.7', 'Barrels': '0', 'Barrel%': '0.0%', 'HardHit': '2', 'HardHit%': '50.0%', 'type': '24'}"
11,"{'Date': '2023-08-23', 'Team': 'LAA', 'Opp': 'CIN', 'BO': '2', 'Pos': 'DH-P', 'divider': '', 'Events': '1', 'EV': '115.7', 'maxEV': '115.7', 'LA': '20.3', 'Barrels': '1', 'Barrel%': '100.0%', 'HardHit': '1', 'HardHit%': '100.0%', 'type': '24'}"
12,"{'Date': '2023-08-22', 'Team': 'LAA', 'Opp': 'CIN', 'BO': '3', 'Pos': 'DH', 'divider': '', 'Events': '1', 'EV': '85.2', 'maxEV': '85.2', 'LA': '39.6', 'Barrels': '0', 'Barrel%': '0.0%', 'HardHit': '0', 'HardHit%': '0.0%', 'type': '24'}"
13,"{'Date': '2023-08-19', 'Team': 'LAA', 'Opp': 'TBR', 'BO': '2', 'Pos': 'DH', 'divider': '', 'Events': '3', 'EV': '92.4', 'maxEV': '95.5', 'LA': '31.3', 'Barrels': '0', 'Barrel%': '0.0%', 'HardHit': '1', 'HardHit%': '33.3%', 'type': '24'}"
14,"{'Date': '2023-08-19', 'Team': 'LAA', 'Opp': 'TBR', 'BO': '2', 'Pos': 'DH', 'divider': '', 'Events': '2', 'EV': '102.8', 'maxEV': '105.9', 'LA': '31.6', 'Barrels': '1', 'Barrel%': '50.0%', 'HardHit': '2', 'HardHit%': '100.0%', 'type': '24'}"
15,"{'Date': '2023-08-18', 'Team': 'LAA', 'Opp': 'TBR', 'BO': '2', 'Pos': 'DH', 'divider': '', 'Events': '2', 'EV': '98.5', 'maxEV': '102.1', 'LA': '16.6', 'Barrels': '1', 'Barrel%': '50.0%', 'HardHit': '1', 'HardHit%': '50.0%', 'type': '24'}"
16,"{'Date': '2023-08-16', 'Team': 'LAA', 'Opp': '@TEX', 'BO': '2', 'Pos': 'DH', 'divider': '', 'Events': '4', 'EV': '86.9', 'maxEV': '109.1', 'LA': '17.1', 'Barrels': '1', 'Barrel%': '25.0%', 'HardHit': '2', 'HardHit%': '50.0%', 'type': '24'}"
17,"{'Date': '2023-08-15', 'Team': 'LAA', 'Opp': '@TEX', 'BO': '2', 'Pos': 'DH', 'divider': '', 'Events': '3', 'EV': '99.2', 'maxEV': '107.1', 'LA': '-20.2', 'Barrels': '0', 'Barrel%': '0.0%', 'HardHit': '2', 'HardHit%': '66.7%', 'type': '24'}"
18,"{'Date': '2023-08-14', 'Team': 'LAA', 'Opp': '@TEX', 'BO': '2', 'Pos': 'DH', 'divider': '', 'Events': '1', 'EV': '88.2', 'maxEV': '88.2', 'LA': '73.2', 'Barrels': '0', 'Barrel%': '0.0%', 'HardHit': '0', 'HardHit%': '0.0%', 'type': '24'}"
19,"{'Date': '2023-08-13', 'Team': 'LAA', 'Opp': '@HOU', 'BO': '2', 'Pos': 'DH', 'divider': '', 'Events': '2', 'EV': '108.9', 'maxEV': '110.2', 'LA': '13.0', 'Barrels': '1', 'Barrel%': '50.0%', 'HardHit': '2', 'HardHit%': '100.0%', 'type': '24'}"
20,"{'Date': '2023-08-12', 'Team': 'LAA', 'Opp': '@HOU', 'BO': '2', 'Pos': 'DH', 'divider': '', 'Events': '2', 'EV': '105.3', 'maxEV': '118.3', 'LA': '26.9', 'Barrels': '1', 'Barrel%': '50.0%', 'HardHit': '1', 'HardHit%': '50.0%', 'type': '24'}"
21,"{'Date': '2023-08-11', 'Team': 'LAA', 'Opp': '@HOU', 'BO': '2', 'Pos': 'DH', 'divider': '', 'Events': '2', 'EV': '89.4', 'maxEV': '92.6', 'LA': '4.8', 'Barrels': '0', 'Barrel%': '0.0%', 'HardHit': '0', 'HardHit%': '0.0%', 'type': '24'}"
22,"{'Date': '2023-08-09', 'Team': 'LAA', 'Opp': 'SFG', 'BO': '2', 'Pos': 'DH-P', 'divider': '', 'Events': '0', 'EV': '', 'maxEV': '', 'LA': '', 'Barrels': '0', 'Barrel%': '', 'HardHit': '0', 'HardHit%': '', 'type': '24'}"
23,"{'Date': '2023-08-08', 'Team': 'LAA', 'Opp': 'SFG', 'BO': '2', 'Pos': 'DH', 'divider': '', 'Events': '4', 'EV': '98.5', 'maxEV': '109.1', 'LA': '14.3', 'Barrels': '1', 'Barrel%': '25.0%', 'HardHit': '3', 'HardHit%': '75.0%', 'type': '24'}"
24,"{'Date': '2023-08-07', 'Team': 'LAA', 'Opp': 'SFG', 'BO': '2', 'Pos': 'DH', 'divider': '', 'Events': '4', 'EV': '103.9', 'maxEV': '111.4', 'LA': '7.7', 'Barrels': '0', 'Barrel%': '0.0%', 'HardHit': '3', 'HardHit%': '75.0%', 'type': '24'}"
25,"{'Date': '2023-08-06', 'Team': 'LAA', 'Opp': 'SEA', 'BO': '2', 'Pos': 'DH', 'divider': '', 'Events': '2', 'EV': '96.1', 'maxEV': '105.6', 'LA': '3.2', 'Barrels': '0', 'Barrel%': '0.0%', 'HardHit': '1', 'HardHit%': '50.0%', 'type': '24'}"
26,"{'Date': '2023-08-05', 'Team': 'LAA', 'Opp': 'SEA', 'BO': '2', 'Pos': 'DH', 'divider': '', 'Events': '2', 'EV': '98.3', 'maxEV': '107.3', 'LA': '4.2', 'Barrels': '1', 'Barrel%': '50.0%', 'HardHit': '1', 'HardHit%': '50.0%', 'type': '24'}"
27,"{'Date': '2023-08-04', 'Team': 'LAA', 'Opp': 'SEA', 'BO': '2', 'Pos': 'DH', 'divider': '', 'Events': '1', 'EV': '105.1', 'maxEV': '105.1', 'LA': '19.5', 'Barrels': '1', 'Barrel%': '100.0%', 'HardHit': '1', 'HardHit%': '100.0%', 'type': '24'}"
28,"{'Date': '2023-08-03', 'Team': 'LAA', 'Opp': 'SEA', 'BO': '2', 'Pos': 'DH-P', 'divider': '', 'Events': '2', 'EV': '97.1', 'maxEV': '106.7', 'LA': '17.7', 'Barrels': '1', 'Barrel%': '50.0%', 'HardHit': '1', 'HardHit%': '50.0%', 'type': '24'}"
29,"{'Date': '2023-08-02', 'Team': 'LAA', 'Opp': '@ATL', 'BO': '2', 'Pos': 'DH', 'divider': '', 'Events': '2', 'EV': '110.2', 'maxEV': '114.0', 'LA': '7.2', 'Barrels': '1', 'Barrel%': '50.0%', 'HardHit': '2', 'HardHit%': '100.0%', 'type': '24'}"
30,"{'Date': '2023-08-01', 'Team': 'LAA', 'Opp': '@ATL', 'BO': '2', 'Pos': 'DH', 'divider': '', 'Events': '2', 'EV': '98.5', 'maxEV': '104.8', 'LA': '-8.9', 'Barrels': '0', 'Barrel%': '0.0%', 'HardHit': '1', 'HardHit%': '50.0%', 'type': '24'}"
31,"{'Date': '2023-07-31', 'Team': 'LAA', 'Opp': '@ATL', 'BO': '2', 'Pos': 'DH', 'divider': '', 'Events': '3', 'EV': '103.8', 'maxEV': '113.3', 'LA': '17.6', 'Barrels': '0', 'Barrel%': '0.0%', 'HardHit': '3', 'HardHit%': '100.0%', 'type': '24'}"
32,"{'Date': '2023-07-30', 'Team': 'LAA', 'Opp': '@TOR', 'BO': '2', 'Pos': 'DH', 'divider': '', 'Events': '3', 'EV': '97.3', 'maxEV': '111.0', 'LA': '17.0', 'Barrels': '0', 'Barrel%': '0.0%', 'HardHit': '2', 'HardHit%': '66.7%', 'type': '24'}"
33,"{'Date': '2023-07-29', 'Team': 'LAA', 'Opp': '@TOR', 'BO': '2', 'Pos': 'DH', 'divider': '', 'Events': '1', 'EV': '113.6', 'maxEV': '113.6', 'LA': '4.4', 'Barrels': '0', 'Barrel%': '0.0%', 'HardHit': '1', 'HardHit%': '100.0%', 'type': '24'}"
34,"{'Date': '2023-07-28', 'Team': 'LAA', 'Opp': '@TOR', 'BO': '2', 'Pos': 'DH', 'divider': '', 'Events': '3', 'EV': '94.1', 'maxEV': '104.8', 'LA': '14.8', 'Barrels': '1', 'Barrel%': '33.3%', 'HardHit': '2', 'HardHit%': '66.7%', 'type': '24'}"
35,"{'Date': '2023-07-27', 'Team': 'LAA', 'Opp': '@DET', 'BO': '2', 'Pos': 'DH', 'divider': '', 'Events': '2', 'EV': '112.2', 'maxEV': '116.9', 'LA': '23.7', 'Barrels': '2', 'Barrel%': '100.0%', 'HardHit': '2', 'HardHit%': '100.0%', 'type': '24'}"
36,"{'Date': '2023-07-27', 'Team': 'LAA', 'Opp': '@DET', 'BO': '2', 'Pos': 'P', 'divider': '', 'Events': '3', 'EV': '95.2', 'maxEV': '106.8', 'LA': '32.1', 'Barrels': '0', 'Barrel%': '0.0%', 'HardHit': '2', 'HardHit%': '66.7%', 'type': '24'}"
37,"{'Date': '2023-07-25', 'Team': 'LAA', 'Opp': '@DET', 'BO': '2', 'Pos': 'DH', 'divider': '', 'Events': '1', 'EV': '', 'maxEV': '', 'LA': '', 'Barrels': '0', 'Barrel%': '0.0%', 'HardHit': '0', 'HardHit%': '0.0%', 'type': '24'}"
38,"{'Date': '2023-07-23', 'Team': 'LAA', 'Opp': 'PIT', 'BO': '2', 'Pos': 'DH', 'divider': '', 'Events': '1', 'EV': '112.9', 'maxEV': '112.9', 'LA': '19.3', 'Barrels': '1', 'Barrel%': '100.0%', 'HardHit': '1', 'HardHit%': '100.0%', 'type': '24'}"
39,"{'Date': '2023-07-22', 'Team': 'LAA', 'Opp': 'PIT', 'BO': '2', 'Pos': 'DH', 'divider': '', 'Events': '1', 'EV': '101.6', 'maxEV': '101.6', 'LA': '19.6', 'Barrels': '0', 'Barrel%': '0.0%', 'HardHit': '1', 'HardHit%': '100.0%', 'type': '24'}"
40,"{'Date': '2023-07-21', 'Team': 'LAA', 'Opp': 'PIT', 'BO': '2', 'Pos': 'DH-P', 'divider': '', 'Events': '0', 'EV': '', 'maxEV': '', 'LA': '', 'Barrels': '0', 'Barrel%': '', 'HardHit': '0', 'HardHit%': '', 'type': '24'}"
41,"{'Date': '2023-07-19', 'Team': 'LAA', 'Opp': 'NYY', 'BO': '2', 'Pos': 'DH', 'divider': '', 'Events': '0', 'EV': '', 'maxEV': '', 'LA': '', 'Barrels': '0', 'Barrel%': '', 'HardHit': '0', 'HardHit%': '', 'type': '24'}"
42,"{'Date': '2023-07-18', 'Team': 'LAA', 'Opp': 'NYY', 'BO': '2', 'Pos': 'DH', 'divider': '', 'Events': '1', 'EV': '110.5', 'maxEV': '110.5', 'LA': '2.8', 'Barrels': '0', 'Barrel%': '0.0%', 'HardHit': '1', 'HardHit%': '100.0%', 'type': '24'}"
43,"{'Date': '2023-07-17', 'Team': 'LAA', 'Opp': 'NYY', 'BO': '2', 'Pos': 'DH', 'divider': '', 'Events': '3', 'EV': '109.0', 'maxEV': '111.7', 'LA': '18.3', 'Barrels': '2', 'Barrel%': '66.7%', 'HardHit': '3', 'HardHit%': '100.0%', 'type': '24'}"
44,"{'Date': '2023-07-16', 'Team': 'LAA', 'Opp': 'HOU', 'BO': '2', 'Pos': 'DH', 'divider': '', 'Events': '4', 'EV': '90.7', 'maxEV': '105.4', 'LA': '11.5', 'Barrels': '1', 'Barrel%': '25.0%', 'HardHit': '2', 'HardHit%': '50.0%', 'type': '24'}"
45,"{'Date': '2023-07-15', 'Team': 'LAA', 'Opp': 'HOU', 'BO': '2', 'Pos': 'DH', 'divider': '', 'Events': '2', 'EV': '98.3', 'maxEV': '103.5', 'LA': '8.3', 'Barrels': '1', 'Barrel%': '50.0%', 'HardHit': '1', 'HardHit%': '50.0%', 'type': '24'}"
46,"{'Date': '2023-07-14', 'Team': 'LAA', 'Opp': 'HOU', 'BO': '2', 'Pos': 'DH-P', 'divider': '', 'Events': '3', 'EV': '91.7', 'maxEV': '110.3', 'LA': '17.0', 'Barrels': '0', 'Barrel%': '0.0%', 'HardHit': '1', 'HardHit%': '33.3%', 'type': '24'}"
47,"{'Date': '2023-07-08', 'Team': 'LAA', 'Opp': '@LAD', 'BO': '1', 'Pos': 'DH', 'divider': '', 'Events': '5', 'EV': '98.8', 'maxEV': '113.1', 'LA': '30.4', 'Barrels': '2', 'Barrel%': '40.0%', 'HardHit': '3', 'HardHit%': '60.0%', 'type': '24'}"
48,"{'Date': '2023-07-07', 'Team': 'LAA', 'Opp': '@LAD', 'BO': '1', 'Pos': 'DH', 'divider': '', 'Events': '2', 'EV': '101.5', 'maxEV': '104.0', 'LA': '0.1', 'Barrels': '0', 'Barrel%': '0.0%', 'HardHit': '2', 'HardHit%': '100.0%', 'type': '24'}"
49,"{'Date': '2023-07-05', 'Team': 'LAA', 'Opp': '@SDP', 'BO': '3', 'Pos': 'DH', 'divider': '', 'Events': '4', 'EV': '84.3', 'maxEV': '96.9', 'LA': '-1.7', 'Barrels': '0', 'Barrel%': '0.0%', 'HardHit': '1', 'HardHit%': '25.0%', 'type': '24'}"
50,"{'Date': '2023-07-04', 'Team': 'LAA', 'Opp': '@SDP', 'BO': '3', 'Pos': 'DH-P', 'divider': '', 'Events': '2', 'EV': '78.5', 'maxEV': '90.5', 'LA': '0.9', 'Barrels': '0', 'Barrel%': '0.0%', 'HardHit': '0', 'HardHit%': '0.0%', 'type': '24'}"
51,"{'Date': '2023-07-03', 'Team': 'LAA', 'Opp': '@SDP', 'BO': '3', 'Pos': 'DH', 'divider': '', 'Events': '2', 'EV': '85.9', 'maxEV': '94.4', 'LA': '-5.0', 'Barrels': '0', 'Barrel%': '0.0%', 'HardHit': '0', 'HardHit%': '0.0%', 'type': '24'}"
52,"{'Date': '2023-07-02', 'Team': 'LAA', 'Opp': 'ARI', 'BO': '3', 'Pos': 'DH', 'divider': '', 'Events': '2', 'EV': '102.0', 'maxEV': '115.4', 'LA': '36.3', 'Barrels': '1', 'Barrel%': '50.0%', 'HardHit': '1', 'HardHit%': '50.0%', 'type': '24'}"
53,"{'Date': '2023-07-01', 'Team': 'LAA', 'Opp': 'ARI', 'BO': '3', 'Pos': 'DH', 'divider': '', 'Events': '2', 'EV': '98.9', 'maxEV': '99.6', 'LA': '17.0', 'Barrels': '1', 'Barrel%': '50.0%', 'HardHit': '2', 'HardHit%': '100.0%', 'type': '24'}"
54,"{'Date': '2023-06-30', 'Team': 'LAA', 'Opp': 'ARI', 'BO': '2', 'Pos': 'DH', 'divider': '', 'Events': '2', 'EV': '108.4', 'maxEV': '115.1', 'LA': '11.0', 'Barrels': '1', 'Barrel%': '50.0%', 'HardHit': '2', 'HardHit%': '100.0%', 'type': '24'}"
55,"{'Date': '2023-06-29', 'Team': 'LAA', 'Opp': 'CHW', 'BO': '3', 'Pos': 'DH', 'divider': '', 'Events': '1', 'EV': '111.3', 'maxEV': '111.3', 'LA': '26.6', 'Barrels': '1', 'Barrel%': '100.0%', 'HardHit': '1', 'HardHit%': '100.0%', 'type': '24'}"
56,"{'Date': '2023-06-28', 'Team': 'LAA', 'Opp': 'CHW', 'BO': '2', 'Pos': 'DH', 'divider': '', 'Events': '3', 'EV': '98.4', 'maxEV': '102.2', 'LA': '1.7', 'Barrels': '0', 'Barrel%': '0.0%', 'HardHit': '2', 'HardHit%': '66.7%', 'type': '24'}"
57,"{'Date': '2023-06-27', 'Team': 'LAA', 'Opp': 'CHW', 'BO': '2', 'Pos': 'DH-P', 'divider': '', 'Events': '3', 'EV': '109.1', 'maxEV': '110.8', 'LA': '20.8', 'Barrels': '2', 'Barrel%': '66.7%', 'HardHit': '3', 'HardHit%': '100.0%', 'type': '24'}"
58,"{'Date': '2023-06-26', 'Team': 'LAA', 'Opp': 'CHW', 'BO': '3', 'Pos': 'DH', 'divider': '', 'Events': '1', 'EV': '113.0', 'maxEV': '113.0', 'LA': '36.0', 'Barrels': '1', 'Barrel%': '100.0%', 'HardHit': '1', 'HardHit%': '100.0%', 'type': '24'}"
59,"{'Date': '2023-06-25', 'Team': 'LAA', 'Opp': '@COL', 'BO': '2', 'Pos': 'DH', 'divider': '', 'Events': '4', 'EV': '93.0', 'maxEV': '113.7', 'LA': '14.8', 'Barrels': '1', 'Barrel%': '25.0%', 'HardHit': '2', 'HardHit%': '50.0%', 'type': '24'}"
60,"{'Date': '2023-06-24', 'Team': 'LAA', 'Opp': '@COL', 'BO': '2', 'Pos': 'DH', 'divider': '', 'Events': '5', 'EV': '88.6', 'maxEV': '104.2', 'LA': '6.1', 'Barrels': '0', 'Barrel%': '0.0%', 'HardHit': '1', 'HardHit%': '20.0%', 'type': '24'}"
61,"{'Date': '2023-06-23', 'Team': 'LAA', 'Opp': '@COL', 'BO': '2', 'Pos': 'DH', 'divider': '', 'Events': '4', 'EV': '108.5', 'maxEV': '115.5', 'LA': '22.8', 'Barrels': '2', 'Barrel%': '50.0%', 'HardHit': '4', 'HardHit%': '100.0%', 'type': '24'}"
62,"{'Date': '2023-06-21', 'Team': 'LAA', 'Opp': 'LAD', 'BO': '2', 'Pos': 'DH-P', 'divider': '', 'Events': '3', 'EV': '93.2', 'maxEV': '100.1', 'LA': '48.4', 'Barrels': '0', 'Barrel%': '0.0%', 'HardHit': '2', 'HardHit%': '66.7%', 'type': '24'}"
63,"{'Date': '2023-06-20', 'Team': 'LAA', 'Opp': 'LAD', 'BO': '2', 'Pos': 'DH', 'divider': '', 'Events': '2', 'EV': '102.3', 'maxEV': '102.6', 'LA': '37.8', 'Barrels': '1', 'Barrel%': '50.0%', 'HardHit': '2', 'HardHit%': '100.0%', 'type': '24'}"
64,"{'Date': '2023-06-18', 'Team': 'LAA', 'Opp': '@KCR', 'BO': '2', 'Pos': 'DH', 'divider': '', 'Events': '2', 'EV': '107.2', 'maxEV': '117.1', 'LA': '12.2', 'Barrels': '1', 'Barrel%': '50.0%', 'HardHit': '2', 'HardHit%': '100.0%', 'type': '24'}"
65,"{'Date': '2023-06-17', 'Team': 'LAA', 'Opp': '@KCR', 'BO': '2', 'Pos': 'DH', 'divider': '', 'Events': '4', 'EV': '95.2', 'maxEV': '110.0', 'LA': '15.0', 'Barrels': '1', 'Barrel%': '25.0%', 'HardHit': '2', 'HardHit%': '50.0%', 'type': '24'}"
66,"{'Date': '2023-06-16', 'Team': 'LAA', 'Opp': '@KCR', 'BO': '2', 'Pos': 'DH', 'divider': '', 'Events': '2', 'EV': '88.1', 'maxEV': '106.1', 'LA': '-6.9', 'Barrels': '0', 'Barrel%': '0.0%', 'HardHit': '1', 'HardHit%': '50.0%', 'type': '24'}"
67,"{'Date': '2023-06-15', 'Team': 'LAA', 'Opp': '@TEX', 'BO': '2', 'Pos': 'DH-P', 'divider': '', 'Events': '2', 'EV': '103.6', 'maxEV': '109.4', 'LA': '6.9', 'Barrels': '1', 'Barrel%': '50.0%', 'HardHit': '2', 'HardHit%': '100.0%', 'type': '24'}"
68,"{'Date': '2023-06-14', 'Team': 'LAA', 'Opp': '@TEX', 'BO': '2', 'Pos': 'DH', 'divider': '', 'Events': '3', 'EV': '94.4', 'maxEV': '116.1', 'LA': '12.4', 'Barrels': '1', 'Barrel%': '33.3%', 'HardHit': '1', 'HardHit%': '33.3%', 'type': '24'}"
69,"{'Date': '2023-06-13', 'Team': 'LAA', 'Opp': '@TEX', 'BO': '2', 'Pos': 'DH', 'divider': '', 'Events': '2', 'EV': '99.7', 'maxEV': '112.5', 'LA': '10.4', 'Barrels': '1', 'Barrel%': '50.0%', 'HardHit': '1', 'HardHit%': '50.0%', 'type': '24'}"
70,"{'Date': '2023-06-12', 'Team': 'LAA', 'Opp': '@TEX', 'BO': '2', 'Pos': 'DH', 'divider': '', 'Events': '4', 'EV': '95.4', 'maxEV': '114.1', 'LA': '5.2', 'Barrels': '2', 'Barrel%': '50.0%', 'HardHit': '2', 'HardHit%': '50.0%', 'type': '24'}"
71,"{'Date': '2023-06-11', 'Team': 'LAA', 'Opp': 'SEA', 'BO': '2', 'Pos': 'DH', 'divider': '', 'Events': '4', 'EV': '99.9', 'maxEV': '108.2', 'LA': '8.4', 'Barrels': '0', 'Barrel%': '0.0%', 'HardHit': '3', 'HardHit%': '75.0%', 'type': '24'}"
72,"{'Date': '2023-06-10', 'Team': 'LAA', 'Opp': 'SEA', 'BO': '2', 'Pos': 'DH', 'divider': '', 'Events': '2', 'EV': '103.6', 'maxEV': '104.2', 'LA': '40.6', 'Barrels': '1', 'Barrel%': '50.0%', 'HardHit': '2', 'HardHit%': '100.0%', 'type': '24'}"
73,"{'Date': '2023-06-09', 'Team': 'LAA', 'Opp': 'SEA', 'BO': '2', 'Pos': 'DH-P', 'divider': '', 'Events': '4', 'EV': '100.4', 'maxEV': '112.9', 'LA': '-2.7', 'Barrels': '1', 'Barrel%': '25.0%', 'HardHit': '3', 'HardHit%': '75.0%', 'type': '24'}"
74,"{'Date': '2023-06-08', 'Team': 'LAA', 'Opp': 'CHC', 'BO': '2', 'Pos': 'DH', 'divider': '', 'Events': '3', 'EV': '80.4', 'maxEV': '92.2', 'LA': '14.4', 'Barrels': '0', 'Barrel%': '0.0%', 'HardHit': '0', 'HardHit%': '0.0%', 'type': '24'}"
75,"{'Date': '2023-06-07', 'Team': 'LAA', 'Opp': 'CHC', 'BO': '2', 'Pos': 'DH', 'divider': '', 'Events': '3', 'EV': '93.9', 'maxEV': '109.4', 'LA': '6.0', 'Barrels': '1', 'Barrel%': '33.3%', 'HardHit': '1', 'HardHit%': '33.3%', 'type': '24'}"
76,"{'Date': '2023-06-06', 'Team': 'LAA', 'Opp': 'CHC', 'BO': '2', 'Pos': 'DH', 'divider': '', 'Events': '2', 'EV': '96.2', 'maxEV': '103.0', 'LA': '16.0', 'Barrels': '1', 'Barrel%': '50.0%', 'HardHit': '1', 'HardHit%': '50.0%', 'type': '24'}"
77,"{'Date': '2023-06-04', 'Team': 'LAA', 'Opp': '@HOU', 'BO': '1', 'Pos': 'DH', 'divider': '', 'Events': '4', 'EV': '86.7', 'maxEV': '97.0', 'LA': '14.9', 'Barrels': '0', 'Barrel%': '0.0%', 'HardHit': '1', 'HardHit%': '25.0%', 'type': '24'}"
78,"{'Date': '2023-06-03', 'Team': 'LAA', 'Opp': '@HOU', 'BO': '1', 'Pos': 'DH', 'divider': '', 'Events': '5', 'EV': '98.6', 'maxEV': '111.2', 'LA': '5.6', 'Barrels': '1', 'Barrel%': '20.0%', 'HardHit': '3', 'HardHit%': '60.0%', 'type': '24'}"
79,"{'Date': '2023-06-02', 'Team': 'LAA', 'Opp': '@HOU', 'BO': '1', 'Pos': 'DH-P', 'divider': '', 'Events': '2', 'EV': '85.0', 'maxEV': '86.7', 'LA': '33.9', 'Barrels': '0', 'Barrel%': '0.0%', 'HardHit': '0', 'HardHit%': '0.0%', 'type': '24'}"
80,"{'Date': '2023-06-01', 'Team': 'LAA', 'Opp': '@HOU', 'BO': '3', 'Pos': 'DH', 'divider': '', 'Events': '3', 'EV': '94.5', 'maxEV': '107.1', 'LA': '24.4', 'Barrels': '0', 'Barrel%': '0.0%', 'HardHit': '2', 'HardHit%': '66.7%', 'type': '24'}"
81,"{'Date': '2023-05-31', 'Team': 'LAA', 'Opp': '@CHW', 'BO': '3', 'Pos': 'DH', 'divider': '', 'Events': '3', 'EV': '105.9', 'maxEV': '111.8', 'LA': '34.4', 'Barrels': '2', 'Barrel%': '66.7%', 'HardHit': '3', 'HardHit%': '100.0%', 'type': '24'}"
82,"{'Date': '2023-05-30', 'Team': 'LAA', 'Opp': '@CHW', 'BO': '3', 'Pos': 'DH', 'divider': '', 'Events': '3', 'EV': '103.1', 'maxEV': '110.2', 'LA': '39.6', 'Barrels': '1', 'Barrel%': '33.3%', 'HardHit': '3', 'HardHit%': '100.0%', 'type': '24'}"
83,"{'Date': '2023-05-29', 'Team': 'LAA', 'Opp': '@CHW', 'BO': '3', 'Pos': 'DH', 'divider': '', 'Events': '2', 'EV': '92.5', 'maxEV': '96.5', 'LA': '27.8', 'Barrels': '0', 'Barrel%': '0.0%', 'HardHit': '1', 'HardHit%': '50.0%', 'type': '24'}"
84,"{'Date': '2023-05-28', 'Team': 'LAA', 'Opp': 'MIA', 'BO': '3', 'Pos': 'DH', 'divider': '', 'Events': '1', 'EV': '109.6', 'maxEV': '109.6', 'LA': '8.5', 'Barrels': '0', 'Barrel%': '0.0%', 'HardHit': '1', 'HardHit%': '100.0%', 'type': '24'}"
85,"{'Date': '2023-05-27', 'Team': 'LAA', 'Opp': 'MIA', 'BO': '3', 'Pos': 'DH-P', 'divider': '', 'Events': '4', 'EV': '82.0', 'maxEV': '92.4', 'LA': '-0.4', 'Barrels': '0', 'Barrel%': '0.0%', 'HardHit': '0', 'HardHit%': '0.0%', 'type': '24'}"
86,"{'Date': '2023-05-26', 'Team': 'LAA', 'Opp': 'MIA', 'BO': '3', 'Pos': 'DH', 'divider': '', 'Events': '2', 'EV': '89.8', 'maxEV': '96.2', 'LA': '15.6', 'Barrels': '0', 'Barrel%': '0.0%', 'HardHit': '1', 'HardHit%': '50.0%', 'type': '24'}"
87,"{'Date': '2023-05-24', 'Team': 'LAA', 'Opp': 'BOS', 'BO': '3', 'Pos': 'DH', 'divider': '', 'Events': '3', 'EV': '100.8', 'maxEV': '112.6', 'LA': '25.6', 'Barrels': '1', 'Barrel%': '33.3%', 'HardHit': '2', 'HardHit%': '66.7%', 'type': '24'}"
88,"{'Date': '2023-05-23', 'Team': 'LAA', 'Opp': 'BOS', 'BO': '3', 'Pos': 'DH', 'divider': '', 'Events': '3', 'EV': '79.7', 'maxEV': '91.3', 'LA': '-5.5', 'Barrels': '0', 'Barrel%': '0.0%', 'HardHit': '0', 'HardHit%': '0.0%', 'type': '24'}"
89,"{'Date': '2023-05-22', 'Team': 'LAA', 'Opp': 'BOS', 'BO': '3', 'Pos': 'DH', 'divider': '', 'Events': '1', 'EV': '102.1', 'maxEV': '102.1', 'LA': '18.1', 'Barrels': '0', 'Barrel%': '0.0%', 'HardHit': '1', 'HardHit%': '100.0%', 'type': '24'}"
90,"{'Date': '2023-05-21', 'Team': 'LAA', 'Opp': 'MIN', 'BO': '3', 'Pos': 'DH-P', 'divider': '', 'Events': '3', 'EV': '84.7', 'maxEV': '96.8', 'LA': '1.4', 'Barrels': '0', 'Barrel%': '0.0%', 'HardHit': '1', 'HardHit%': '33.3%', 'type': '24'}"
91,"{'Date': '2023-05-20', 'Team': 'LAA', 'Opp': 'MIN', 'BO': '3', 'Pos': 'DH', 'divider': '', 'Events': '2', 'EV': '106.9', 'maxEV': '111.3', 'LA': '13.5', 'Barrels': '1', 'Barrel%': '50.0%', 'HardHit': '2', 'HardHit%': '100.0%', 'type': '24'}"
92,"{'Date': '2023-05-19', 'Team': 'LAA', 'Opp': 'MIN', 'BO': '3', 'Pos': 'DH', 'divider': '', 'Events': '1', 'EV': '103.4', 'maxEV': '103.4', 'LA': '14.9', 'Barrels': '0', 'Barrel%': '0.0%', 'HardHit': '1', 'HardHit%': '100.0%', 'type': '24'}"
93,"{'Date': '2023-05-18', 'Team': 'LAA', 'Opp': '@BAL', 'BO': '3', 'Pos': 'DH', 'divider': '', 'Events': '5', 'EV': '90.4', 'maxEV': '102.0', 'LA': '41.0', 'Barrels': '1', 'Barrel%': '20.0%', 'HardHit': '2', 'HardHit%': '40.0%', 'type': '24'}"
94,"{'Date': '2023-05-17', 'Team': 'LAA', 'Opp': '@BAL', 'BO': '3', 'Pos': 'DH', 'divider': '', 'Events': '3', 'EV': '97.7', 'maxEV': '100.1', 'LA': '42.5', 'Barrels': '0', 'Barrel%': '0.0%', 'HardHit': '2', 'HardHit%': '66.7%', 'type': '24'}"
95,"{'Date': '2023-05-16', 'Team': 'LAA', 'Opp': '@BAL', 'BO': '3', 'Pos': 'DH', 'divider': '', 'Events': '3', 'EV': '88.2', 'maxEV': '102.2', 'LA': '20.5', 'Barrels': '0', 'Barrel%': '0.0%', 'HardHit': '1', 'HardHit%': '33.3%', 'type': '24'}"
96,"{'Date': '2023-05-15', 'Team': 'LAA', 'Opp': '@BAL', 'BO': '3', 'Pos': 'DH-P', 'divider': '', 'Events': '5', 'EV': '95.1', 'maxEV': '114.6', 'LA': '12.5', 'Barrels': '1', 'Barrel%': '20.0%', 'HardHit': '3', 'HardHit%': '60.0%', 'type': '24'}"
97,"{'Date': '2023-05-14', 'Team': 'LAA', 'Opp': '@CLE', 'BO': '2', 'Pos': 'DH', 'divider': '', 'Events': '2', 'EV': '92.9', 'maxEV': '94.3', 'LA': '-4.6', 'Barrels': '0', 'Barrel%': '0.0%', 'HardHit': '0', 'HardHit%': '0.0%', 'type': '24'}"
98,"{'Date': '2023-05-13', 'Team': 'LAA', 'Opp': '@CLE', 'BO': '3', 'Pos': 'DH', 'divider': '', 'Events': '2', 'EV': '97.4', 'maxEV': '101.3', 'LA': '3.1', 'Barrels': '0', 'Barrel%': '0.0%', 'HardHit': '1', 'HardHit%': '50.0%', 'type': '24'}"
99,"{'Date': '2023-05-12', 'Team': 'LAA', 'Opp': '@CLE', 'BO': '3', 'Pos': 'DH', 'divider': '', 'Events': '1', 'EV': '', 'maxEV': '', 'LA': '', 'Barrels': '0', 'Barrel%': '0.0%', 'HardHit': '0', 'HardHit%': '0.0%', 'type': '24'}"
100,"{'Date': '2023-05-10', 'Team': 'LAA', 'Opp': 'HOU', 'BO': '3', 'Pos': 'DH', 'divider': '', 'Events': '2', 'EV': '88.1', 'maxEV': '102.6', 'LA': '31.2', 'Barrels': '1', 'Barrel%': '50.0%', 'HardHit': '1', 'HardHit%': '50.0%', 'type': '24'}"
101,"{'Date': '2023-05-09', 'Team': 'LAA', 'Opp': 'HOU', 'BO': '3', 'Pos': 'DH-P', 'divider': '', 'Events': '3', 'EV': '94.7', 'maxEV': '94.9', 'LA': '-2.3', 'Barrels': '0', 'Barrel%': '0.0%', 'HardHit': '0', 'HardHit%': '0.0%', 'type': '24'}"
102,"{'Date': '2023-05-08', 'Team': 'LAA', 'Opp': 'HOU', 'BO': '3', 'Pos': 'DH', 'divider': '', 'Events': '4', 'EV': '97.0', 'maxEV': '110.2', 'LA': '30.1', 'Barrels': '1', 'Barrel%': '25.0%', 'HardHit': '2', 'HardHit%': '50.0%', 'type': '24'}"
103,"{'Date': '2023-05-07', 'Team': 'LAA', 'Opp': 'TEX', 'BO': '3', 'Pos': 'DH', 'divider': '', 'Events': '3', 'EV': '73.6', 'maxEV': '86.7', 'LA': '-6.5', 'Barrels': '0', 'Barrel%': '0.0%', 'HardHit': '0', 'HardHit%': '0.0%', 'type': '24'}"
104,"{'Date': '2023-05-06', 'Team': 'LAA', 'Opp': 'TEX', 'BO': '3', 'Pos': 'DH', 'divider': '', 'Events': '4', 'EV': '89.6', 'maxEV': '105.5', 'LA': '8.9', 'Barrels': '1', 'Barrel%': '25.0%', 'HardHit': '1', 'HardHit%': '25.0%', 'type': '24'}"
105,"{'Date': '2023-05-05', 'Team': 'LAA', 'Opp': 'TEX', 'BO': '3', 'Pos': 'DH', 'divider': '', 'Events': '5', 'EV': '82.9', 'maxEV': '89.6', 'LA': '8.2', 'Barrels': '0', 'Barrel%': '0.0%', 'HardHit': '0', 'HardHit%': '0.0%', 'type': '24'}"
106,"{'Date': '2023-05-04', 'Team': 'LAA', 'Opp': '@STL', 'BO': '2', 'Pos': 'DH', 'divider': '', 'Events': '2', 'EV': '100.5', 'maxEV': '113.0', 'LA': '36.4', 'Barrels': '0', 'Barrel%': '0.0%', 'HardHit': '1', 'HardHit%': '50.0%', 'type': '24'}"
107,"{'Date': '2023-05-03', 'Team': 'LAA', 'Opp': '@STL', 'BO': '3', 'Pos': 'DH-P', 'divider': '', 'Events': '5', 'EV': '94.6', 'maxEV': '108.8', 'LA': '10.3', 'Barrels': '1', 'Barrel%': '20.0%', 'HardHit': '3', 'HardHit%': '60.0%', 'type': '24'}"
108,"{'Date': '2023-04-30', 'Team': 'LAA', 'Opp': '@MIL', 'BO': '3', 'Pos': 'DH', 'divider': '', 'Events': '2', 'EV': '97.9', 'maxEV': '114.3', 'LA': '12.9', 'Barrels': '1', 'Barrel%': '50.0%', 'HardHit': '1', 'HardHit%': '50.0%', 'type': '24'}"
109,"{'Date': '2023-04-29', 'Team': 'LAA', 'Opp': '@MIL', 'BO': '3', 'Pos': 'DH', 'divider': '', 'Events': '5', 'EV': '97.6', 'maxEV': '104.2', 'LA': '-2.2', 'Barrels': '0', 'Barrel%': '0.0%', 'HardHit': '4', 'HardHit%': '80.0%', 'type': '24'}"
110,"{'Date': '2023-04-28', 'Team': 'LAA', 'Opp': '@MIL', 'BO': '3', 'Pos': 'DH', 'divider': '', 'Events': '4', 'EV': '93.9', 'maxEV': '111.8', 'LA': '11.6', 'Barrels': '0', 'Barrel%': '0.0%', 'HardHit': '1', 'HardHit%': '25.0%', 'type': '24'}"
111,"{'Date': '2023-04-27', 'Team': 'LAA', 'Opp': 'OAK', 'BO': '3', 'Pos': 'DH-P', 'divider': '', 'Events': '5', 'EV': '93.6', 'maxEV': '106.9', 'LA': '9.9', 'Barrels': '1', 'Barrel%': '20.0%', 'HardHit': '4', 'HardHit%': '80.0%', 'type': '24'}"
112,"{'Date': '2023-04-26', 'Team': 'LAA', 'Opp': 'OAK', 'BO': '3', 'Pos': 'DH', 'divider': '', 'Events': '4', 'EV': '95.5', 'maxEV': '103.9', 'LA': '1.5', 'Barrels': '1', 'Barrel%': '25.0%', 'HardHit': '3', 'HardHit%': '75.0%', 'type': '24'}"
113,"{'Date': '2023-04-25', 'Team': 'LAA', 'Opp': 'OAK', 'BO': '3', 'Pos': 'DH', 'divider': '', 'Events': '2', 'EV': '88.6', 'maxEV': '103.5', 'LA': '22.8', 'Barrels': '0', 'Barrel%': '0.0%', 'HardHit': '1', 'HardHit%': '50.0%', 'type': '24'}"
114,"{'Date': '2023-04-24', 'Team': 'LAA', 'Opp': 'OAK', 'BO': '3', 'Pos': 'DH', 'divider': '', 'Events': '4', 'EV': '98.6', 'maxEV': '104.3', 'LA': '5.7', 'Barrels': '0', 'Barrel%': '0.0%', 'HardHit': '2', 'HardHit%': '50.0%', 'type': '24'}"
115,"{'Date': '2023-04-23', 'Team': 'LAA', 'Opp': 'KCR', 'BO': '3', 'Pos': 'DH', 'divider': '', 'Events': '3', 'EV': '95.4', 'maxEV': '107.3', 'LA': '14.7', 'Barrels': '1', 'Barrel%': '33.3%', 'HardHit': '2', 'HardHit%': '66.7%', 'type': '24'}"
116,"{'Date': '2023-04-22', 'Team': 'LAA', 'Opp': 'KCR', 'BO': '3', 'Pos': 'DH', 'divider': '', 'Events': '5', 'EV': '79.2', 'maxEV': '101.9', 'LA': '10.2', 'Barrels': '0', 'Barrel%': '0.0%', 'HardHit': '1', 'HardHit%': '20.0%', 'type': '24'}"
117,"{'Date': '2023-04-21', 'Team': 'LAA', 'Opp': 'KCR', 'BO': '2', 'Pos': 'DH-P', 'divider': '', 'Events': '3', 'EV': '95.8', 'maxEV': '104.6', 'LA': '9.9', 'Barrels': '0', 'Barrel%': '0.0%', 'HardHit': '2', 'HardHit%': '66.7%', 'type': '24'}"
118,"{'Date': '2023-04-20', 'Team': 'LAA', 'Opp': '@NYY', 'BO': '2', 'Pos': 'DH', 'divider': '', 'Events': '3', 'EV': '80.4', 'maxEV': '92.3', 'LA': '22.8', 'Barrels': '0', 'Barrel%': '0.0%', 'HardHit': '0', 'HardHit%': '0.0%', 'type': '24'}"
119,"{'Date': '2023-04-19', 'Team': 'LAA', 'Opp': '@NYY', 'BO': '2', 'Pos': 'DH', 'divider': '', 'Events': '2', 'EV': '98.8', 'maxEV': '111.5', 'LA': '16.5', 'Barrels': '1', 'Barrel%': '50.0%', 'HardHit': '1', 'HardHit%': '50.0%', 'type': '24'}"
120,"{'Date': '2023-04-18', 'Team': 'LAA', 'Opp': '@NYY', 'BO': '2', 'Pos': 'DH', 'divider': '', 'Events': '3', 'EV': '97.7', 'maxEV': '116.7', 'LA': '25.0', 'Barrels': '1', 'Barrel%': '33.3%', 'HardHit': '1', 'HardHit%': '33.3%', 'type': '24'}"
121,"{'Date': '2023-04-17', 'Team': 'LAA', 'Opp': '@BOS', 'BO': '2', 'Pos': 'DH-P', 'divider': '', 'Events': '5', 'EV': '87.0', 'maxEV': '105.6', 'LA': '0.8', 'Barrels': '0', 'Barrel%': '0.0%', 'HardHit': '2', 'HardHit%': '40.0%', 'type': '24'}"
122,"{'Date': '2023-04-16', 'Team': 'LAA', 'Opp': '@BOS', 'BO': '3', 'Pos': 'DH', 'divider': '', 'Events': '4', 'EV': '100.2', 'maxEV': '105.9', 'LA': '12.5', 'Barrels': '1', 'Barrel%': '25.0%', 'HardHit': '4', 'HardHit%': '100.0%', 'type': '24'}"
123,"{'Date': '2023-04-15', 'Team': 'LAA', 'Opp': '@BOS', 'BO': '3', 'Pos': 'DH', 'divider': '', 'Events': '5', 'EV': '85.7', 'maxEV': '107.4', 'LA': '8.6', 'Barrels': '0', 'Barrel%': '0.0%', 'HardHit': '1', 'HardHit%': '20.0%', 'type': '24'}"
124,"{'Date': '2023-04-14', 'Team': 'LAA', 'Opp': '@BOS', 'BO': '3', 'Pos': 'DH', 'divider': '', 'Events': '2', 'EV': '80.8', 'maxEV': '84.2', 'LA': '0.9', 'Barrels': '0', 'Barrel%': '0.0%', 'HardHit': '0', 'HardHit%': '0.0%', 'type': '24'}"
125,"{'Date': '2023-04-11', 'Team': 'LAA', 'Opp': 'WSN', 'BO': '3', 'Pos': 'DH-P', 'divider': '', 'Events': '2', 'EV': '89.4', 'maxEV': '99.6', 'LA': '25.2', 'Barrels': '1', 'Barrel%': '50.0%', 'HardHit': '1', 'HardHit%': '50.0%', 'type': '24'}"
126,"{'Date': '2023-04-10', 'Team': 'LAA', 'Opp': 'WSN', 'BO': '3', 'Pos': 'DH', 'divider': '', 'Events': '1', 'EV': '76.2', 'maxEV': '76.2', 'LA': '-7.8', 'Barrels': '0', 'Barrel%': '0.0%', 'HardHit': '0', 'HardHit%': '0.0%', 'type': '24'}"
127,"{'Date': '2023-04-09', 'Team': 'LAA', 'Opp': 'TOR', 'BO': '3', 'Pos': 'DH', 'divider': '', 'Events': '5', 'EV': '89.8', 'maxEV': '108.6', 'LA': '-5.0', 'Barrels': '1', 'Barrel%': '20.0%', 'HardHit': '3', 'HardHit%': '60.0%', 'type': '24'}"
128,"{'Date': '2023-04-08', 'Team': 'LAA', 'Opp': 'TOR', 'BO': '3', 'Pos': 'DH', 'divider': '', 'Events': '1', 'EV': '80.4', 'maxEV': '80.4', 'LA': '16.1', 'Barrels': '0', 'Barrel%': '0.0%', 'HardHit': '0', 'HardHit%': '0.0%', 'type': '24'}"
129,"{'Date': '2023-04-07', 'Team': 'LAA', 'Opp': 'TOR', 'BO': '3', 'Pos': 'DH', 'divider': '', 'Events': '2', 'EV': '96.4', 'maxEV': '101.6', 'LA': '21.8', 'Barrels': '1', 'Barrel%': '50.0%', 'HardHit': '1', 'HardHit%': '50.0%', 'type': '24'}"
130,"{'Date': '2023-04-05', 'Team': 'LAA', 'Opp': '@SEA', 'BO': '3', 'Pos': 'DH-P', 'divider': '', 'Events': '2', 'EV': '81.7', 'maxEV': '95.9', 'LA': '28.8', 'Barrels': '0', 'Barrel%': '0.0%', 'HardHit': '1', 'HardHit%': '50.0%', 'type': '24'}"
131,"{'Date': '2023-04-04', 'Team': 'LAA', 'Opp': '@SEA', 'BO': '3', 'Pos': 'DH', 'divider': '', 'Events': '2', 'EV': '82.3', 'maxEV': '87.3', 'LA': '-2.6', 'Barrels': '0', 'Barrel%': '0.0%', 'HardHit': '0', 'HardHit%': '0.0%', 'type': '24'}"
132,"{'Date': '2023-04-03', 'Team': 'LAA', 'Opp': '@SEA', 'BO': '3', 'Pos': 'DH', 'divider': '', 'Events': '4', 'EV': '99.9', 'maxEV': '110.3', 'LA': '16.2', 'Barrels': '1', 'Barrel%': '25.0%', 'HardHit': '3', 'HardHit%': '75.0%', 'type': '24'}"
133,"{'Date': '2023-04-02', 'Team': 'LAA', 'Opp': '@OAK', 'BO': '3', 'Pos': 'DH', 'divider': '', 'Events': '2', 'EV': '107.0', 'maxEV': '110.8', 'LA': '22.8', 'Barrels': '1', 'Barrel%': '50.0%', 'HardHit': '2', 'HardHit%': '100.0%', 'type': '24'}"
134,"{'Date': '2023-04-01', 'Team': 'LAA', 'Opp': '@OAK', 'BO': '3', 'Pos': 'DH', 'divider': '', 'Events': '4', 'EV': '100.3', 'maxEV': '100.9', 'LA': '1.4', 'Barrels': '0', 'Barrel%': '0.0%', 'HardHit': '4', 'HardHit%': '100.0%', 'type': '24'}"
135,"{'Date': '2023-03-30', 'Team': 'LAA', 'Opp': '@OAK', 'BO': '3', 'Pos': 'DH-P', 'divider': '', 'Events': '1', 'EV': '111.6', 'maxEV': '111.6', 'LA': '-2.7', 'Barrels': '0', 'Barrel%': '0.0%', 'HardHit': '1', 'HardHit%': '100.0%', 'type': '24'}"
136,"{'Date': 'Total', 'Team': '- - -', 'Opp': '- - -', 'BO': '- - -', 'Pos': '- - -', 'divider': '', 'Events': '362', 'EV': '94.4', 'maxEV': '118.6', 'LA': '13.2', 'Barrels': '70', 'Barrel%': '19.3%', 'HardHit': '193', 'HardHit%': '53.3%', 'type': '24'}"
137,"{'Date': '2023-09-03', 'Team': 'LAA', 'Opp': '@OAK', 'BO': '2', 'Pos': 'DH', 'divider': '', 'Events': '1', 'EV': '66.7', 'maxEV': '66.7', 'LA': '74.1', 'Barrels': '0', 'Barrel%': '0.0%', 'HardHit': '0', 'HardHit%': '0.0%', 'type': '24'}"
138,"{'Date': '2023-09-02', 'Team': 'LAA', 'Opp': '@OAK', 'BO': '2', 'Pos': 'DH', 'divider': '', 'Events': '2', 'EV': '79.6', 'maxEV': '83.7', 'LA': '20.6', 'Barrels': '0', 'Barrel%': '0.0%', 'HardHit': '0', 'HardHit%': '0.0%', 'type': '24'}"
139,"{'Date': '2023-09-01', 'Team': 'LAA', 'Opp': '@OAK', 'BO': '3', 'Pos': 'DH', 'divider': '', 'Events': '3', 'EV': '78.6', 'maxEV': '100.9', 'LA': '-14.8', 'Barrels': '0', 'Barrel%': '0.0%', 'HardHit': '1', 'HardHit%': '33.3%', 'type': '24'}"
140,"{'Date': '2023-08-30', 'Team': 'LAA', 'Opp': '@PHI', 'BO': '3', 'Pos': 'DH', 'divider': '', 'Events': '2', 'EV': '102.0', 'maxEV': '105.7', 'LA': '-7.7', 'Barrels': '0', 'Barrel%': '0.0%', 'HardHit': '2', 'HardHit%': '100.0%', 'type': '24'}"
141,"{'Date': '2023-08-29', 'Team': 'LAA', 'Opp': '@PHI', 'BO': '2', 'Pos': 'DH', 'divider': '', 'Events': '5', 'EV': '90.0', 'maxEV': '118.6', 'LA': '8.5', 'Barrels': '1', 'Barrel%': '20.0%', 'HardHit': '2', 'HardHit%': '40.0%', 'type': '24'}"
142,"{'Date': '2023-08-28', 'Team': 'LAA', 'Opp': '@PHI', 'BO': '2', 'Pos': 'DH', 'divider': '', 'Events': '3', 'EV': '80.4', 'maxEV': '106.1', 'LA': '0.8', 'Barrels': '0', 'Barrel%': '0.0%', 'HardHit': '1', 'HardHit%': '33.3%', 'type': '24'}"
143,"{'Date': '2023-08-27', 'Team': 'LAA', 'Opp': '@NYM', 'BO': '2', 'Pos': 'DH', 'divider': '', 'Events': '2', 'EV': '85.2', 'maxEV': '100.5', 'LA': '-1.7', 'Barrels': '0', 'Barrel%': '0.0%', 'HardHit': '1', 'HardHit%': '50.0%', 'type': '24'}"
144,"{'Date': '2023-08-26', 'Team': 'LAA', 'Opp': '@NYM', 'BO': '2', 'Pos': 'DH', 'divider': '', 'Events': '3', 'EV': '92.3', 'maxEV': '109.6', 'LA': '25.8', 'Barrels': '1', 'Barrel%': '33.3%', 'HardHit': '1', 'HardHit%': '33.3%', 'type': '24'}"
145,"{'Date': '2023-08-25', 'Team': 'LAA', 'Opp': '@NYM', 'BO': '2', 'Pos': 'DH', 'divider': '', 'Events': '2', 'EV': '101.3', 'maxEV': '115.4', 'LA': '10.7', 'Barrels': '1', 'Barrel%': '50.0%', 'HardHit': '1', 'HardHit%': '50.0%', 'type': '24'}"
146,"{'Date': '2023-08-23', 'Team': 'LAA', 'Opp': 'CIN', 'BO': '2', 'Pos': 'DH', 'divider': '', 'Events': '4', 'EV': '89.1', 'maxEV': '104.2', 'LA': '-2.7', 'Barrels': '0', 'Barrel%': '0.0%', 'HardHit': '2', 'HardHit%': '50.0%', 'type': '24'}"
147,"{'Date': '2023-08-23', 'Team': 'LAA', 'Opp': 'CIN', 'BO': '2', 'Pos': 'DH-P', 'divider': '', 'Events': '1', 'EV': '115.7', 'maxEV': '115.7', 'LA': '20.3', 'Barrels': '1', 'Barrel%': '100.0%', 'HardHit': '1', 'HardHit%': '100.0%', 'type': '24'}"
148,"{'Date': '2023-08-22', 'Team': 'LAA', 'Opp': 'CIN', 'BO': '3', 'Pos': 'DH', 'divider': '', 'Events': '1', 'EV': '85.2', 'maxEV': '85.2', 'LA': '39.6', 'Barrels': '0', 'Barrel%': '0.0%', 'HardHit': '0', 'HardHit%': '0.0%', 'type': '24'}"
149,"{'Date': '2023-08-19', 'Team': 'LAA', 'Opp': 'TBR', 'BO': '2', 'Pos': 'DH', 'divider': '', 'Events': '3', 'EV': '92.4', 'maxEV': '95.5', 'LA': '31.3', 'Barrels': '0', 'Barrel%': '0.0%', 'HardHit': '1', 'HardHit%': '33.3%', 'type': '24'}"
150,"{'Date': '2023-08-19', 'Team': 'LAA', 'Opp': 'TBR', 'BO': '2', 'Pos': 'DH', 'divider': '', 'Events': '2', 'EV': '102.8', 'maxEV': '105.9', 'LA': '31.6', 'Barrels': '1', 'Barrel%': '50.0%', 'HardHit': '2', 'HardHit%': '100.0%', 'type': '24'}"
151,"{'Date': '2023-08-18', 'Team': 'LAA', 'Opp': 'TBR', 'BO': '2', 'Pos': 'DH', 'divider': '', 'Events': '2', 'EV': '98.5', 'maxEV': '102.1', 'LA': '16.6', 'Barrels': '1', 'Barrel%': '50.0%', 'HardHit': '1', 'HardHit%': '50.0%', 'type': '24'}"
152,"{'Date': '2023-08-16', 'Team': 'LAA', 'Opp': '@TEX', 'BO': '2', 'Pos': 'DH', 'divider': '', 'Events': '4', 'EV': '86.9', 'maxEV': '109.1', 'LA': '17.1', 'Barrels': '1', 'Barrel%': '25.0%', 'HardHit': '2', 'HardHit%': '50.0%', 'type': '24'}"
153,"{'Date': '2023-08-15', 'Team': 'LAA', 'Opp': '@TEX', 'BO': '2', 'Pos': 'DH', 'divider': '', 'Events': '3', 'EV': '99.2', 'maxEV': '107.1', 'LA': '-20.2', 'Barrels': '0', 'Barrel%': '0.0%', 'HardHit': '2', 'HardHit%': '66.7%', 'type': '24'}"
154,"{'Date': '2023-08-14', 'Team': 'LAA', 'Opp': '@TEX', 'BO': '2', 'Pos': 'DH', 'divider': '', 'Events': '1', 'EV': '88.2', 'maxEV': '88.2', 'LA': '73.2', 'Barrels': '0', 'Barrel%': '0.0%', 'HardHit': '0', 'HardHit%': '0.0%', 'type': '24'}"
155,"{'Date': '2023-08-13', 'Team': 'LAA', 'Opp': '@HOU', 'BO': '2', 'Pos': 'DH', 'divider': '', 'Events': '2', 'EV': '108.9', 'maxEV': '110.2', 'LA': '13.0', 'Barrels': '1', 'Barrel%': '50.0%', 'HardHit': '2', 'HardHit%': '100.0%', 'type': '24'}"
156,"{'Date': '2023-08-12', 'Team': 'LAA', 'Opp': '@HOU', 'BO': '2', 'Pos': 'DH', 'divider': '', 'Events': '2', 'EV': '105.3', 'maxEV': '118.3', 'LA': '26.9', 'Barrels': '1', 'Barrel%': '50.0%', 'HardHit': '1', 'HardHit%': '50.0%', 'type': '24'}"
157,"{'Date': '2023-08-11', 'Team': 'LAA', 'Opp': '@HOU', 'BO': '2', 'Pos': 'DH', 'divider': '', 'Events': '2', 'EV': '89.4', 'maxEV': '92.6', 'LA': '4.8', 'Barrels': '0', 'Barrel%': '0.0%', 'HardHit': '0', 'HardHit%': '0.0%', 'type': '24'}"
158,"{'Date': '2023-08-09', 'Team': 'LAA', 'Opp': 'SFG', 'BO': '2', 'Pos': 'DH-P', 'divider': '', 'Events': '0', 'EV': '', 'maxEV': '', 'LA': '', 'Barrels': '0', 'Barrel%': '', 'HardHit': '0', 'HardHit%': '', 'type': '24'}"
159,"{'Date': '2023-08-08', 'Team': 'LAA', 'Opp': 'SFG', 'BO': '2', 'Pos': 'DH', 'divider': '', 'Events': '4', 'EV': '98.5', 'maxEV': '109.1', 'LA': '14.3', 'Barrels': '1', 'Barrel%': '25.0%', 'HardHit': '3', 'HardHit%': '75.0%', 'type': '24'}"
160,"{'Date': '2023-08-07', 'Team': 'LAA', 'Opp': 'SFG', 'BO': '2', 'Pos': 'DH', 'divider': '', 'Events': '4', 'EV': '103.9', 'maxEV': '111.4', 'LA': '7.7', 'Barrels': '0', 'Barrel%': '0.0%', 'HardHit': '3', 'HardHit%': '75.0%', 'type': '24'}"
161,"{'Date': '2023-08-06', 'Team': 'LAA', 'Opp': 'SEA', 'BO': '2', 'Pos': 'DH', 'divider': '', 'Events': '2', 'EV': '96.1', 'maxEV': '105.6', 'LA': '3.2', 'Barrels': '0', 'Barrel%': '0.0%', 'HardHit': '1', 'HardHit%': '50.0%', 'type': '24'}"
162,"{'Date': '2023-08-05', 'Team': 'LAA', 'Opp': 'SEA', 'BO': '2', 'Pos': 'DH', 'divider': '', 'Events': '2', 'EV': '98.3', 'maxEV': '107.3', 'LA': '4.2', 'Barrels': '1', 'Barrel%': '50.0%', 'HardHit': '1', 'HardHit%': '50.0%', 'type': '24'}"
163,"{'Date': '2023-08-04', 'Team': 'LAA', 'Opp': 'SEA', 'BO': '2', 'Pos': 'DH', 'divider': '', 'Events': '1', 'EV': '105.1', 'maxEV': '105.1', 'LA': '19.5', 'Barrels': '1', 'Barrel%': '100.0%', 'HardHit': '1', 'HardHit%': '100.0%', 'type': '24'}"
164,"{'Date': '2023-08-03', 'Team': 'LAA', 'Opp': 'SEA', 'BO': '2', 'Pos': 'DH-P', 'divider': '', 'Events': '2', 'EV': '97.1', 'maxEV': '106.7', 'LA': '17.7', 'Barrels': '1', 'Barrel%': '50.0%', 'HardHit': '1', 'HardHit%': '50.0%', 'type': '24'}"
165,"{'Date': '2023-08-02', 'Team': 'LAA', 'Opp': '@ATL', 'BO': '2', 'Pos': 'DH', 'divider': '', 'Events': '2', 'EV': '110.2', 'maxEV': '114.0', 'LA': '7.2', 'Barrels': '1', 'Barrel%': '50.0%', 'HardHit': '2', 'HardHit%': '100.0%', 'type': '24'}"
166,"{'Date': '2023-08-01', 'Team': 'LAA', 'Opp': '@ATL', 'BO': '2', 'Pos': 'DH', 'divider': '', 'Events': '2', 'EV': '98.5', 'maxEV': '104.8', 'LA': '-8.9', 'Barrels': '0', 'Barrel%': '0.0%', 'HardHit': '1', 'HardHit%': '50.0%', 'type': '24'}"
167,"{'Date': '2023-07-31', 'Team': 'LAA', 'Opp': '@ATL', 'BO': '2', 'Pos': 'DH', 'divider': '', 'Events': '3', 'EV': '103.8', 'maxEV': '113.3', 'LA': '17.6', 'Barrels': '0', 'Barrel%': '0.0%', 'HardHit': '3', 'HardHit%': '100.0%', 'type': '24'}"
168,"{'Date': '2023-07-30', 'Team': 'LAA', 'Opp': '@TOR', 'BO': '2', 'Pos': 'DH', 'divider': '', 'Events': '3', 'EV': '97.3', 'maxEV': '111.0', 'LA': '17.0', 'Barrels': '0', 'Barrel%': '0.0%', 'HardHit': '2', 'HardHit%': '66.7%', 'type': '24'}"
169,"{'Date': '2023-07-29', 'Team': 'LAA', 'Opp': '@TOR', 'BO': '2', 'Pos': 'DH', 'divider': '', 'Events': '1', 'EV': '113.6', 'maxEV': '113.6', 'LA': '4.4', 'Barrels': '0', 'Barrel%': '0.0%', 'HardHit': '1', 'HardHit%': '100.0%', 'type': '24'}"
170,"{'Date': '2023-07-28', 'Team': 'LAA', 'Opp': '@TOR', 'BO': '2', 'Pos': 'DH', 'divider': '', 'Events': '3', 'EV': '94.1', 'maxEV': '104.8', 'LA': '14.8', 'Barrels': '1', 'Barrel%': '33.3%', 'HardHit': '2', 'HardHit%': '66.7%', 'type': '24'}"
171,"{'Date': '2023-07-27', 'Team': 'LAA', 'Opp': '@DET', 'BO': '2', 'Pos': 'DH', 'divider': '', 'Events': '2', 'EV': '112.2', 'maxEV': '116.9', 'LA': '23.7', 'Barrels': '2', 'Barrel%': '100.0%', 'HardHit': '2', 'HardHit%': '100.0%', 'type': '24'}"
172,"{'Date': '2023-07-27', 'Team': 'LAA', 'Opp': '@DET', 'BO': '2', 'Pos': 'P', 'divider': '', 'Events': '3', 'EV': '95.2', 'maxEV': '106.8', 'LA': '32.1', 'Barrels': '0', 'Barrel%': '0.0%', 'HardHit': '2', 'HardHit%': '66.7%', 'type': '24'}"
173,"{'Date': '2023-07-25', 'Team': 'LAA', 'Opp': '@DET', 'BO': '2', 'Pos': 'DH', 'divider': '', 'Events': '1', 'EV': '', 'maxEV': '', 'LA': '', 'Barrels': '0', 'Barrel%': '0.0%', 'HardHit': '0', 'HardHit%': '0.0%', 'type': '24'}"
174,"{'Date': '2023-07-23', 'Team': 'LAA', 'Opp': 'PIT', 'BO': '2', 'Pos': 'DH', 'divider': '', 'Events': '1', 'EV': '112.9', 'maxEV': '112.9', 'LA': '19.3', 'Barrels': '1', 'Barrel%': '100.0%', 'HardHit': '1', 'HardHit%': '100.0%', 'type': '24'}"
175,"{'Date': '2023-07-22', 'Team': 'LAA', 'Opp': 'PIT', 'BO': '2', 'Pos': 'DH', 'divider': '', 'Events': '1', 'EV': '101.6', 'maxEV': '101.6', 'LA': '19.6', 'Barrels': '0', 'Barrel%': '0.0%', 'HardHit': '1', 'HardHit%': '100.0%', 'type': '24'}"
176,"{'Date': '2023-07-21', 'Team': 'LAA', 'Opp': 'PIT', 'BO': '2', 'Pos': 'DH-P', 'divider': '', 'Events': '0', 'EV': '', 'maxEV': '', 'LA': '', 'Barrels': '0', 'Barrel%': '', 'HardHit': '0', 'HardHit%': '', 'type': '24'}"
177,"{'Date': '2023-07-19', 'Team': 'LAA', 'Opp': 'NYY', 'BO': '2', 'Pos': 'DH', 'divider': '', 'Events': '0', 'EV': '', 'maxEV': '', 'LA': '', 'Barrels': '0', 'Barrel%': '', 'HardHit': '0', 'HardHit%': '', 'type': '24'}"
178,"{'Date': '2023-07-18', 'Team': 'LAA', 'Opp': 'NYY', 'BO': '2', 'Pos': 'DH', 'divider': '', 'Events': '1', 'EV': '110.5', 'maxEV': '110.5', 'LA': '2.8', 'Barrels': '0', 'Barrel%': '0.0%', 'HardHit': '1', 'HardHit%': '100.0%', 'type': '24'}"
179,"{'Date': '2023-07-17', 'Team': 'LAA', 'Opp': 'NYY', 'BO': '2', 'Pos': 'DH', 'divider': '', 'Events': '3', 'EV': '109.0', 'maxEV': '111.7', 'LA': '18.3', 'Barrels': '2', 'Barrel%': '66.7%', 'HardHit': '3', 'HardHit%': '100.0%', 'type': '24'}"
180,"{'Date': '2023-07-16', 'Team': 'LAA', 'Opp': 'HOU', 'BO': '2', 'Pos': 'DH', 'divider': '', 'Events': '4', 'EV': '90.7', 'maxEV': '105.4', 'LA': '11.5', 'Barrels': '1', 'Barrel%': '25.0%', 'HardHit': '2', 'HardHit%': '50.0%', 'type': '24'}"
181,"{'Date': '2023-07-15', 'Team': 'LAA', 'Opp': 'HOU', 'BO': '2', 'Pos': 'DH', 'divider': '', 'Events': '2', 'EV': '98.3', 'maxEV': '103.5', 'LA': '8.3', 'Barrels': '1', 'Barrel%': '50.0%', 'HardHit': '1', 'HardHit%': '50.0%', 'type': '24'}"
182,"{'Date': '2023-07-14', 'Team': 'LAA', 'Opp': 'HOU', 'BO': '2', 'Pos': 'DH-P', 'divider': '', 'Events': '3', 'EV': '91.7', 'maxEV': '110.3', 'LA': '17.0', 'Barrels': '0', 'Barrel%': '0.0%', 'HardHit': '1', 'HardHit%': '33.3%', 'type': '24'}"
183,"{'Date': '2023-07-08', 'Team': 'LAA', 'Opp': '@LAD', 'BO': '1', 'Pos': 'DH', 'divider': '', 'Events': '5', 'EV': '98.8', 'maxEV': '113.1', 'LA': '30.4', 'Barrels': '2', 'Barrel%': '40.0%', 'HardHit': '3', 'HardHit%': '60.0%', 'type': '24'}"
184,"{'Date': '2023-07-07', 'Team': 'LAA', 'Opp': '@LAD', 'BO': '1', 'Pos': 'DH', 'divider': '', 'Events': '2', 'EV': '101.5', 'maxEV': '104.0', 'LA': '0.1', 'Barrels': '0', 'Barrel%': '0.0%', 'HardHit': '2', 'HardHit%': '100.0%', 'type': '24'}"
185,"{'Date': '2023-07-05', 'Team': 'LAA', 'Opp': '@SDP', 'BO': '3', 'Pos': 'DH', 'divider': '', 'Events': '4', 'EV': '84.3', 'maxEV': '96.9', 'LA': '-1.7', 'Barrels': '0', 'Barrel%': '0.0%', 'HardHit': '1', 'HardHit%': '25.0%', 'type': '24'}"
186,"{'Date': '2023-07-04', 'Team': 'LAA', 'Opp': '@SDP', 'BO': '3', 'Pos': 'DH-P', 'divider': '', 'Events': '2', 'EV': '78.5', 'maxEV': '90.5', 'LA': '0.9', 'Barrels': '0', 'Barrel%': '0.0%', 'HardHit': '0', 'HardHit%': '0.0%', 'type': '24'}"
187,"{'Date': '2023-07-03', 'Team': 'LAA', 'Opp': '@SDP', 'BO': '3', 'Pos': 'DH', 'divider': '', 'Events': '2', 'EV': '85.9', 'maxEV': '94.4', 'LA': '-5.0', 'Barrels': '0', 'Barrel%': '0.0%', 'HardHit': '0', 'HardHit%': '0.0%', 'type': '24'}"
188,"{'Date': '2023-07-02', 'Team': 'LAA', 'Opp': 'ARI', 'BO': '3', 'Pos': 'DH', 'divider': '', 'Events': '2', 'EV': '102.0', 'maxEV': '115.4', 'LA': '36.3', 'Barrels': '1', 'Barrel%': '50.0%', 'HardHit': '1', 'HardHit%': '50.0%', 'type': '24'}"
189,"{'Date': '2023-07-01', 'Team': 'LAA', 'Opp': 'ARI', 'BO': '3', 'Pos': 'DH', 'divider': '', 'Events': '2', 'EV': '98.9', 'maxEV': '99.6', 'LA': '17.0', 'Barrels': '1', 'Barrel%': '50.0%', 'HardHit': '2', 'HardHit%': '100.0%', 'type': '24'}"
190,"{'Date': '2023-06-30', 'Team': 'LAA', 'Opp': 'ARI', 'BO': '2', 'Pos': 'DH', 'divider': '', 'Events': '2', 'EV': '108.4', 'maxEV': '115.1', 'LA': '11.0', 'Barrels': '1', 'Barrel%': '50.0%', 'HardHit': '2', 'HardHit%': '100.0%', 'type': '24'}"
191,"{'Date': '2023-06-29', 'Team': 'LAA', 'Opp': 'CHW', 'BO': '3', 'Pos': 'DH', 'divider': '', 'Events': '1', 'EV': '111.3', 'maxEV': '111.3', 'LA': '26.6', 'Barrels': '1', 'Barrel%': '100.0%', 'HardHit': '1', 'HardHit%': '100.0%', 'type': '24'}"
192,"{'Date': '2023-06-28', 'Team': 'LAA', 'Opp': 'CHW', 'BO': '2', 'Pos': 'DH', 'divider': '', 'Events': '3', 'EV': '98.4', 'maxEV': '102.2', 'LA': '1.7', 'Barrels': '0', 'Barrel%': '0.0%', 'HardHit': '2', 'HardHit%': '66.7%', 'type': '24'}"
193,"{'Date': '2023-06-27', 'Team': 'LAA', 'Opp': 'CHW', 'BO': '2', 'Pos': 'DH-P', 'divider': '', 'Events': '3', 'EV': '109.1', 'maxEV': '110.8', 'LA': '20.8', 'Barrels': '2', 'Barrel%': '66.7%', 'HardHit': '3', 'HardHit%': '100.0%', 'type': '24'}"
194,"{'Date': '2023-06-26', 'Team': 'LAA', 'Opp': 'CHW', 'BO': '3', 'Pos': 'DH', 'divider': '', 'Events': '1', 'EV': '113.0', 'maxEV': '113.0', 'LA': '36.0', 'Barrels': '1', 'Barrel%': '100.0%', 'HardHit': '1', 'HardHit%': '100.0%', 'type': '24'}"
195,"{'Date': '2023-06-25', 'Team': 'LAA', 'Opp': '@COL', 'BO': '2', 'Pos': 'DH', 'divider': '', 'Events': '4', 'EV': '93.0', 'maxEV': '113.7', 'LA': '14.8', 'Barrels': '1', 'Barrel%': '25.0%', 'HardHit': '2', 'HardHit%': '50.0%', 'type': '24'}"
196,"{'Date': '2023-06-24', 'Team': 'LAA', 'Opp': '@COL', 'BO': '2', 'Pos': 'DH', 'divider': '', 'Events': '5', 'EV': '88.6', 'maxEV': '104.2', 'LA': '6.1', 'Barrels': '0', 'Barrel%': '0.0%', 'HardHit': '1', 'HardHit%': '20.0%', 'type': '24'}"
197,"{'Date': '2023-06-23', 'Team': 'LAA', 'Opp': '@COL', 'BO': '2', 'Pos': 'DH', 'divider': '', 'Events': '4', 'EV': '108.5', 'maxEV': '115.5', 'LA': '22.8', 'Barrels': '2', 'Barrel%': '50.0%', 'HardHit': '4', 'HardHit%': '100.0%', 'type': '24'}"
198,"{'Date': '2023-06-21', 'Team': 'LAA', 'Opp': 'LAD', 'BO': '2', 'Pos': 'DH-P', 'divider': '', 'Events': '3', 'EV': '93.2', 'maxEV': '100.1', 'LA': '48.4', 'Barrels': '0', 'Barrel%': '0.0%', 'HardHit': '2', 'HardHit%': '66.7%', 'type': '24'}"
199,"{'Date': '2023-06-20', 'Team': 'LAA', 'Opp': 'LAD', 'BO': '2', 'Pos': 'DH', 'divider': '', 'Events': '2', 'EV': '102.3', 'maxEV': '102.6', 'LA': '37.8', 'Barrels': '1', 'Barrel%': '50.0%', 'HardHit': '2', 'HardHit%': '100.0%', 'type': '24'}"
200,"{'Date': '2023-06-18', 'Team': 'LAA', 'Opp': '@KCR', 'BO': '2', 'Pos': 'DH', 'divider': '', 'Events': '2', 'EV': '107.2', 'maxEV': '117.1', 'LA': '12.2', 'Barrels': '1', 'Barrel%': '50.0%', 'HardHit': '2', 'HardHit%': '100.0%', 'type': '24'}"
201,"{'Date': '2023-06-17', 'Team': 'LAA', 'Opp': '@KCR', 'BO': '2', 'Pos': 'DH', 'divider': '', 'Events': '4', 'EV': '95.2', 'maxEV': '110.0', 'LA': '15.0', 'Barrels': '1', 'Barrel%': '25.0%', 'HardHit': '2', 'HardHit%': '50.0%', 'type': '24'}"
202,"{'Date': '2023-06-16', 'Team': 'LAA', 'Opp': '@KCR', 'BO': '2', 'Pos': 'DH', 'divider': '', 'Events': '2', 'EV': '88.1', 'maxEV': '106.1', 'LA': '-6.9', 'Barrels': '0', 'Barrel%': '0.0%', 'HardHit': '1', 'HardHit%': '50.0%', 'type': '24'}"
203,"{'Date': '2023-06-15', 'Team': 'LAA', 'Opp': '@TEX', 'BO': '2', 'Pos': 'DH-P', 'divider': '', 'Events': '2', 'EV': '103.6', 'maxEV': '109.4', 'LA': '6.9', 'Barrels': '1', 'Barrel%': '50.0%', 'HardHit': '2', 'HardHit%': '100.0%', 'type': '24'}"
204,"{'Date': '2023-06-14', 'Team': 'LAA', 'Opp': '@TEX', 'BO': '2', 'Pos': 'DH', 'divider': '', 'Events': '3', 'EV': '94.4', 'maxEV': '116.1', 'LA': '12.4', 'Barrels': '1', 'Barrel%': '33.3%', 'HardHit': '1', 'HardHit%': '33.3%', 'type': '24'}"
205,"{'Date': '2023-06-13', 'Team': 'LAA', 'Opp': '@TEX', 'BO': '2', 'Pos': 'DH', 'divider': '', 'Events': '2', 'EV': '99.7', 'maxEV': '112.5', 'LA': '10.4', 'Barrels': '1', 'Barrel%': '50.0%', 'HardHit': '1', 'HardHit%': '50.0%', 'type': '24'}"
206,"{'Date': '2023-06-12', 'Team': 'LAA', 'Opp': '@TEX', 'BO': '2', 'Pos': 'DH', 'divider': '', 'Events': '4', 'EV': '95.4', 'maxEV': '114.1', 'LA': '5.2', 'Barrels': '2', 'Barrel%': '50.0%', 'HardHit': '2', 'HardHit%': '50.0%', 'type': '24'}"
207,"{'Date': '2023-06-11', 'Team': 'LAA', 'Opp': 'SEA', 'BO': '2', 'Pos': 'DH', 'divider': '', 'Events': '4', 'EV': '99.9', 'maxEV': '108.2', 'LA': '8.4', 'Barrels': '0', 'Barrel%': '0.0%', 'HardHit': '3', 'HardHit%': '75.0%', 'type': '24'}"
208,"{'Date': '2023-06-10', 'Team': 'LAA', 'Opp': 'SEA', 'BO': '2', 'Pos': 'DH', 'divider': '', 'Events': '2', 'EV': '103.6', 'maxEV': '104.2', 'LA': '40.6', 'Barrels': '1', 'Barrel%': '50.0%', 'HardHit': '2', 'HardHit%': '100.0%', 'type': '24'}"
209,"{'Date': '2023-06-09', 'Team': 'LAA', 'Opp': 'SEA', 'BO': '2', 'Pos': 'DH-P', 'divider': '', 'Events': '4', 'EV': '100.4', 'maxEV': '112.9', 'LA': '-2.7', 'Barrels': '1', 'Barrel%': '25.0%', 'HardHit': '3', 'HardHit%': '75.0%', 'type': '24'}"
210,"{'Date': '2023-06-08', 'Team': 'LAA', 'Opp': 'CHC', 'BO': '2', 'Pos': 'DH', 'divider': '', 'Events': '3', 'EV': '80.4', 'maxEV': '92.2', 'LA': '14.4', 'Barrels': '0', 'Barrel%': '0.0%', 'HardHit': '0', 'HardHit%': '0.0%', 'type': '24'}"
211,"{'Date': '2023-06-07', 'Team': 'LAA', 'Opp': 'CHC', 'BO': '2', 'Pos': 'DH', 'divider': '', 'Events': '3', 'EV': '93.9', 'maxEV': '109.4', 'LA': '6.0', 'Barrels': '1', 'Barrel%': '33.3%', 'HardHit': '1', 'HardHit%': '33.3%', 'type': '24'}"
212,"{'Date': '2023-06-06', 'Team': 'LAA', 'Opp': 'CHC', 'BO': '2', 'Pos': 'DH', 'divider': '', 'Events': '2', 'EV': '96.2', 'maxEV': '103.0', 'LA': '16.0', 'Barrels': '1', 'Barrel%': '50.0%', 'HardHit': '1', 'HardHit%': '50.0%', 'type': '24'}"
213,"{'Date': '2023-06-04', 'Team': 'LAA', 'Opp': '@HOU', 'BO': '1', 'Pos': 'DH', 'divider': '', 'Events': '4', 'EV': '86.7', 'maxEV': '97.0', 'LA': '14.9', 'Barrels': '0', 'Barrel%': '0.0%', 'HardHit': '1', 'HardHit%': '25.0%', 'type': '24'}"
214,"{'Date': '2023-06-03', 'Team': 'LAA', 'Opp': '@HOU', 'BO': '1', 'Pos': 'DH', 'divider': '', 'Events': '5', 'EV': '98.6', 'maxEV': '111.2', 'LA': '5.6', 'Barrels': '1', 'Barrel%': '20.0%', 'HardHit': '3', 'HardHit%': '60.0%', 'type': '24'}"
215,"{'Date': '2023-06-02', 'Team': 'LAA', 'Opp': '@HOU', 'BO': '1', 'Pos': 'DH-P', 'divider': '', 'Events': '2', 'EV': '85.0', 'maxEV': '86.7', 'LA': '33.9', 'Barrels': '0', 'Barrel%': '0.0%', 'HardHit': '0', 'HardHit%': '0.0%', 'type': '24'}"
216,"{'Date': '2023-06-01', 'Team': 'LAA', 'Opp': '@HOU', 'BO': '3', 'Pos': 'DH', 'divider': '', 'Events': '3', 'EV': '94.5', 'maxEV': '107.1', 'LA': '24.4', 'Barrels': '0', 'Barrel%': '0.0%', 'HardHit': '2', 'HardHit%': '66.7%', 'type': '24'}"
217,"{'Date': '2023-05-31', 'Team': 'LAA', 'Opp': '@CHW', 'BO': '3', 'Pos': 'DH', 'divider': '', 'Events': '3', 'EV': '105.9', 'maxEV': '111.8', 'LA': '34.4', 'Barrels': '2', 'Barrel%': '66.7%', 'HardHit': '3', 'HardHit%': '100.0%', 'type': '24'}"
218,"{'Date': '2023-05-30', 'Team': 'LAA', 'Opp': '@CHW', 'BO': '3', 'Pos': 'DH', 'divider': '', 'Events': '3', 'EV': '103.1', 'maxEV': '110.2', 'LA': '39.6', 'Barrels': '1', 'Barrel%': '33.3%', 'HardHit': '3', 'HardHit%': '100.0%', 'type': '24'}"
219,"{'Date': '2023-05-29', 'Team': 'LAA', 'Opp': '@CHW', 'BO': '3', 'Pos': 'DH', 'divider': '', 'Events': '2', 'EV': '92.5', 'maxEV': '96.5', 'LA': '27.8', 'Barrels': '0', 'Barrel%': '0.0%', 'HardHit': '1', 'HardHit%': '50.0%', 'type': '24'}"
220,"{'Date': '2023-05-28', 'Team': 'LAA', 'Opp': 'MIA', 'BO': '3', 'Pos': 'DH', 'divider': '', 'Events': '1', 'EV': '109.6', 'maxEV': '109.6', 'LA': '8.5', 'Barrels': '0', 'Barrel%': '0.0%', 'HardHit': '1', 'HardHit%': '100.0%', 'type': '24'}"
221,"{'Date': '2023-05-27', 'Team': 'LAA', 'Opp': 'MIA', 'BO': '3', 'Pos': 'DH-P', 'divider': '', 'Events': '4', 'EV': '82.0', 'maxEV': '92.4', 'LA': '-0.4', 'Barrels': '0', 'Barrel%': '0.0%', 'HardHit': '0', 'HardHit%': '0.0%', 'type': '24'}"
222,"{'Date': '2023-05-26', 'Team': 'LAA', 'Opp': 'MIA', 'BO': '3', 'Pos': 'DH', 'divider': '', 'Events': '2', 'EV': '89.8', 'maxEV': '96.2', 'LA': '15.6', 'Barrels': '0', 'Barrel%': '0.0%', 'HardHit': '1', 'HardHit%': '50.0%', 'type': '24'}"
223,"{'Date': '2023-05-24', 'Team': 'LAA', 'Opp': 'BOS', 'BO': '3', 'Pos': 'DH', 'divider': '', 'Events': '3', 'EV': '100.8', 'maxEV': '112.6', 'LA': '25.6', 'Barrels': '1', 'Barrel%': '33.3%', 'HardHit': '2', 'HardHit%': '66.7%', 'type': '24'}"
224,"{'Date': '2023-05-23', 'Team': 'LAA', 'Opp': 'BOS', 'BO': '3', 'Pos': 'DH', 'divider': '', 'Events': '3', 'EV': '79.7', 'maxEV': '91.3', 'LA': '-5.5', 'Barrels': '0', 'Barrel%': '0.0%', 'HardHit': '0', 'HardHit%': '0.0%', 'type': '24'}"
225,"{'Date': '2023-05-22', 'Team': 'LAA', 'Opp': 'BOS', 'BO': '3', 'Pos': 'DH', 'divider': '', 'Events': '1', 'EV': '102.1', 'maxEV': '102.1', 'LA': '18.1', 'Barrels': '0', 'Barrel%': '0.0%', 'HardHit': '1', 'HardHit%': '100.0%', 'type': '24'}"
226,"{'Date': '2023-05-21', 'Team': 'LAA', 'Opp': 'MIN', 'BO': '3', 'Pos': 'DH-P', 'divider': '', 'Events': '3', 'EV': '84.7', 'maxEV': '96.8', 'LA': '1.4', 'Barrels': '0', 'Barrel%': '0.0%', 'HardHit': '1', 'HardHit%': '33.3%', 'type': '24'}"
227,"{'Date': '2023-05-20', 'Team': 'LAA', 'Opp': 'MIN', 'BO': '3', 'Pos': 'DH', 'divider': '', 'Events': '2', 'EV': '106.9', 'maxEV': '111.3', 'LA': '13.5', 'Barrels': '1', 'Barrel%': '50.0%', 'HardHit': '2', 'HardHit%': '100.0%', 'type': '24'}"
228,"{'Date': '2023-05-19', 'Team': 'LAA', 'Opp': 'MIN', 'BO': '3', 'Pos': 'DH', 'divider': '', 'Events': '1', 'EV': '103.4', 'maxEV': '103.4', 'LA': '14.9', 'Barrels': '0', 'Barrel%': '0.0%', 'HardHit': '1', 'HardHit%': '100.0%', 'type': '24'}"
229,"{'Date': '2023-05-18', 'Team': 'LAA', 'Opp': '@BAL', 'BO': '3', 'Pos': 'DH', 'divider': '', 'Events': '5', 'EV': '90.4', 'maxEV': '102.0', 'LA': '41.0', 'Barrels': '1', 'Barrel%': '20.0%', 'HardHit': '2', 'HardHit%': '40.0%', 'type': '24'}"
230,"{'Date': '2023-05-17', 'Team': 'LAA', 'Opp': '@BAL', 'BO': '3', 'Pos': 'DH', 'divider': '', 'Events': '3', 'EV': '97.7', 'maxEV': '100.1', 'LA': '42.5', 'Barrels': '0', 'Barrel%': '0.0%', 'HardHit': '2', 'HardHit%': '66.7%', 'type': '24'}"
231,"{'Date': '2023-05-16', 'Team': 'LAA', 'Opp': '@BAL', 'BO': '3', 'Pos': 'DH', 'divider': '', 'Events': '3', 'EV': '88.2', 'maxEV': '102.2', 'LA': '20.5', 'Barrels': '0', 'Barrel%': '0.0%', 'HardHit': '1', 'HardHit%': '33.3%', 'type': '24'}"
232,"{'Date': '2023-05-15', 'Team': 'LAA', 'Opp': '@BAL', 'BO': '3', 'Pos': 'DH-P', 'divider': '', 'Events': '5', 'EV': '95.1', 'maxEV': '114.6', 'LA': '12.5', 'Barrels': '1', 'Barrel%': '20.0%', 'HardHit': '3', 'HardHit%': '60.0%', 'type': '24'}"
233,"{'Date': '2023-05-14', 'Team': 'LAA', 'Opp': '@CLE', 'BO': '2', 'Pos': 'DH', 'divider': '', 'Events': '2', 'EV': '92.9', 'maxEV': '94.3', 'LA': '-4.6', 'Barrels': '0', 'Barrel%': '0.0%', 'HardHit': '0', 'HardHit%': '0.0%', 'type': '24'}"
234,"{'Date': '2023-05-13', 'Team': 'LAA', 'Opp': '@CLE', 'BO': '3', 'Pos': 'DH', 'divider': '', 'Events': '2', 'EV': '97.4', 'maxEV': '101.3', 'LA': '3.1', 'Barrels': '0', 'Barrel%': '0.0%', 'HardHit': '1', 'HardHit%': '50.0%', 'type': '24'}"
235,"{'Date': '2023-05-12', 'Team': 'LAA', 'Opp': '@CLE', 'BO': '3', 'Pos': 'DH', 'divider': '', 'Events': '1', 'EV': '', 'maxEV': '', 'LA': '', 'Barrels': '0', 'Barrel%': '0.0%', 'HardHit': '0', 'HardHit%': '0.0%', 'type': '24'}"
236,"{'Date': '2023-05-10', 'Team': 'LAA', 'Opp': 'HOU', 'BO': '3', 'Pos': 'DH', 'divider': '', 'Events': '2', 'EV': '88.1', 'maxEV': '102.6', 'LA': '31.2', 'Barrels': '1', 'Barrel%': '50.0%', 'HardHit': '1', 'HardHit%': '50.0%', 'type': '24'}"
237,"{'Date': '2023-05-09', 'Team': 'LAA', 'Opp': 'HOU', 'BO': '3', 'Pos': 'DH-P', 'divider': '', 'Events': '3', 'EV': '94.7', 'maxEV': '94.9', 'LA': '-2.3', 'Barrels': '0', 'Barrel%': '0.0%', 'HardHit': '0', 'HardHit%': '0.0%', 'type': '24'}"
238,"{'Date': '2023-05-08', 'Team': 'LAA', 'Opp': 'HOU', 'BO': '3', 'Pos': 'DH', 'divider': '', 'Events': '4', 'EV': '97.0', 'maxEV': '110.2', 'LA': '30.1', 'Barrels': '1', 'Barrel%': '25.0%', 'HardHit': '2', 'HardHit%': '50.0%', 'type': '24'}"
239,"{'Date': '2023-05-07', 'Team': 'LAA', 'Opp': 'TEX', 'BO': '3', 'Pos': 'DH', 'divider': '', 'Events': '3', 'EV': '73.6', 'maxEV': '86.7', 'LA': '-6.5', 'Barrels': '0', 'Barrel%': '0.0%', 'HardHit': '0', 'HardHit%': '0.0%', 'type': '24'}"
240,"{'Date': '2023-05-06', 'Team': 'LAA', 'Opp': 'TEX', 'BO': '3', 'Pos': 'DH', 'divider': '', 'Events': '4', 'EV': '89.6', 'maxEV': '105.5', 'LA': '8.9', 'Barrels': '1', 'Barrel%': '25.0%', 'HardHit': '1', 'HardHit%': '25.0%', 'type': '24'}"
241,"{'Date': '2023-05-05', 'Team': 'LAA', 'Opp': 'TEX', 'BO': '3', 'Pos': 'DH', 'divider': '', 'Events': '5', 'EV': '82.9', 'maxEV': '89.6', 'LA': '8.2', 'Barrels': '0', 'Barrel%': '0.0%', 'HardHit': '0', 'HardHit%': '0.0%', 'type': '24'}"
242,"{'Date': '2023-05-04', 'Team': 'LAA', 'Opp': '@STL', 'BO': '2', 'Pos': 'DH', 'divider': '', 'Events': '2', 'EV': '100.5', 'maxEV': '113.0', 'LA': '36.4', 'Barrels': '0', 'Barrel%': '0.0%', 'HardHit': '1', 'HardHit%': '50.0%', 'type': '24'}"
243,"{'Date': '2023-05-03', 'Team': 'LAA', 'Opp': '@STL', 'BO': '3', 'Pos': 'DH-P', 'divider': '', 'Events': '5', 'EV': '94.6', 'maxEV': '108.8', 'LA': '10.3', 'Barrels': '1', 'Barrel%': '20.0%', 'HardHit': '3', 'HardHit%': '60.0%', 'type': '24'}"
244,"{'Date': '2023-04-30', 'Team': 'LAA', 'Opp': '@MIL', 'BO': '3', 'Pos': 'DH', 'divider': '', 'Events': '2', 'EV': '97.9', 'maxEV': '114.3', 'LA': '12.9', 'Barrels': '1', 'Barrel%': '50.0%', 'HardHit': '1', 'HardHit%': '50.0%', 'type': '24'}"
245,"{'Date': '2023-04-29', 'Team': 'LAA', 'Opp': '@MIL', 'BO': '3', 'Pos': 'DH', 'divider': '', 'Events': '5', 'EV': '97.6', 'maxEV': '104.2', 'LA': '-2.2', 'Barrels': '0', 'Barrel%': '0.0%', 'HardHit': '4', 'HardHit%': '80.0%', 'type': '24'}"
246,"{'Date': '2023-04-28', 'Team': 'LAA', 'Opp': '@MIL', 'BO': '3', 'Pos': 'DH', 'divider': '', 'Events': '4', 'EV': '93.9', 'maxEV': '111.8', 'LA': '11.6', 'Barrels': '0', 'Barrel%': '0.0%', 'HardHit': '1', 'HardHit%': '25.0%', 'type': '24'}"
247,"{'Date': '2023-04-27', 'Team': 'LAA', 'Opp': 'OAK', 'BO': '3', 'Pos': 'DH-P', 'divider': '', 'Events': '5', 'EV': '93.6', 'maxEV': '106.9', 'LA': '9.9', 'Barrels': '1', 'Barrel%': '20.0%', 'HardHit': '4', 'HardHit%': '80.0%', 'type': '24'}"
248,"{'Date': '2023-04-26', 'Team': 'LAA', 'Opp': 'OAK', 'BO': '3', 'Pos': 'DH', 'divider': '', 'Events': '4', 'EV': '95.5', 'maxEV': '103.9', 'LA': '1.5', 'Barrels': '1', 'Barrel%': '25.0%', 'HardHit': '3', 'HardHit%': '75.0%', 'type': '24'}"
249,"{'Date': '2023-04-25', 'Team': 'LAA', 'Opp': 'OAK', 'BO': '3', 'Pos': 'DH', 'divider': '', 'Events': '2', 'EV': '88.6', 'maxEV': '103.5', 'LA': '22.8', 'Barrels': '0', 'Barrel%': '0.0%', 'HardHit': '1', 'HardHit%': '50.0%', 'type': '24'}"
250,"{'Date': '2023-04-24', 'Team': 'LAA', 'Opp': 'OAK', 'BO': '3', 'Pos': 'DH', 'divider': '', 'Events': '4', 'EV': '98.6', 'maxEV': '104.3', 'LA': '5.7', 'Barrels': '0', 'Barrel%': '0.0%', 'HardHit': '2', 'HardHit%': '50.0%', 'type': '24'}"
251,"{'Date': '2023-04-23', 'Team': 'LAA', 'Opp': 'KCR', 'BO': '3', 'Pos': 'DH', 'divider': '', 'Events': '3', 'EV': '95.4', 'maxEV': '107.3', 'LA': '14.7', 'Barrels': '1', 'Barrel%': '33.3%', 'HardHit': '2', 'HardHit%': '66.7%', 'type': '24'}"
252,"{'Date': '2023-04-22', 'Team': 'LAA', 'Opp': 'KCR', 'BO': '3', 'Pos': 'DH', 'divider': '', 'Events': '5', 'EV': '79.2', 'maxEV': '101.9', 'LA': '10.2', 'Barrels': '0', 'Barrel%': '0.0%', 'HardHit': '1', 'HardHit%': '20.0%', 'type': '24'}"
253,"{'Date': '2023-04-21', 'Team': 'LAA', 'Opp': 'KCR', 'BO': '2', 'Pos': 'DH-P', 'divider': '', 'Events': '3', 'EV': '95.8', 'maxEV': '104.6', 'LA': '9.9', 'Barrels': '0', 'Barrel%': '0.0%', 'HardHit': '2', 'HardHit%': '66.7%', 'type': '24'}"
254,"{'Date': '2023-04-20', 'Team': 'LAA', 'Opp': '@NYY', 'BO': '2', 'Pos': 'DH', 'divider': '', 'Events': '3', 'EV': '80.4', 'maxEV': '92.3', 'LA': '22.8', 'Barrels': '0', 'Barrel%': '0.0%', 'HardHit': '0', 'HardHit%': '0.0%', 'type': '24'}"
255,"{'Date': '2023-04-19', 'Team': 'LAA', 'Opp': '@NYY', 'BO': '2', 'Pos': 'DH', 'divider': '', 'Events': '2', 'EV': '98.8', 'maxEV': '111.5', 'LA': '16.5', 'Barrels': '1', 'Barrel%': '50.0%', 'HardHit': '1', 'HardHit%': '50.0%', 'type': '24'}"
256,"{'Date': '2023-04-18', 'Team': 'LAA', 'Opp': '@NYY', 'BO': '2', 'Pos': 'DH', 'divider': '', 'Events': '3', 'EV': '97.7', 'maxEV': '116.7', 'LA': '25.0', 'Barrels': '1', 'Barrel%': '33.3%', 'HardHit': '1', 'HardHit%': '33.3%', 'type': '24'}"
257,"{'Date': '2023-04-17', 'Team': 'LAA', 'Opp': '@BOS', 'BO': '2', 'Pos': 'DH-P', 'divider': '', 'Events': '5', 'EV': '87.0', 'maxEV': '105.6', 'LA': '0.8', 'Barrels': '0', 'Barrel%': '0.0%', 'HardHit': '2', 'HardHit%': '40.0%', 'type': '24'}"
258,"{'Date': '2023-04-16', 'Team': 'LAA', 'Opp': '@BOS', 'BO': '3', 'Pos': 'DH', 'divider': '', 'Events': '4', 'EV': '100.2', 'maxEV': '105.9', 'LA': '12.5', 'Barrels': '1', 'Barrel%': '25.0%', 'HardHit': '4', 'HardHit%': '100.0%', 'type': '24'}"
259,"{'Date': '2023-04-15', 'Team': 'LAA', 'Opp': '@BOS', 'BO': '3', 'Pos': 'DH', 'divider': '', 'Events': '5', 'EV': '85.7', 'maxEV': '107.4', 'LA': '8.6', 'Barrels': '0', 'Barrel%': '0.0%', 'HardHit': '1', 'HardHit%': '20.0%', 'type': '24'}"
260,"{'Date': '2023-04-14', 'Team': 'LAA', 'Opp': '@BOS', 'BO': '3', 'Pos': 'DH', 'divider': '', 'Events': '2', 'EV': '80.8', 'maxEV': '84.2', 'LA': '0.9', 'Barrels': '0', 'Barrel%': '0.0%', 'HardHit': '0', 'HardHit%': '0.0%', 'type': '24'}"
261,"{'Date': '2023-04-11', 'Team': 'LAA', 'Opp': 'WSN', 'BO': '3', 'Pos': 'DH-P', 'divider': '', 'Events': '2', 'EV': '89.4', 'maxEV': '99.6', 'LA': '25.2', 'Barrels': '1', 'Barrel%': '50.0%', 'HardHit': '1', 'HardHit%': '50.0%', 'type': '24'}"
262,"{'Date': '2023-04-10', 'Team': 'LAA', 'Opp': 'WSN', 'BO': '3', 'Pos': 'DH', 'divider': '', 'Events': '1', 'EV': '76.2', 'maxEV': '76.2', 'LA': '-7.8', 'Barrels': '0', 'Barrel%': '0.0%', 'HardHit': '0', 'HardHit%': '0.0%', 'type': '24'}"
263,"{'Date': '2023-04-09', 'Team': 'LAA', 'Opp': 'TOR', 'BO': '3', 'Pos': 'DH', 'divider': '', 'Events': '5', 'EV': '89.8', 'maxEV': '108.6', 'LA': '-5.0', 'Barrels': '1', 'Barrel%': '20.0%', 'HardHit': '3', 'HardHit%': '60.0%', 'type': '24'}"
264,"{'Date': '2023-04-08', 'Team': 'LAA', 'Opp': 'TOR', 'BO': '3', 'Pos': 'DH', 'divider': '', 'Events': '1', 'EV': '80.4', 'maxEV': '80.4', 'LA': '16.1', 'Barrels': '0', 'Barrel%': '0.0%', 'HardHit': '0', 'HardHit%': '0.0%', 'type': '24'}"
265,"{'Date': '2023-04-07', 'Team': 'LAA', 'Opp': 'TOR', 'BO': '3', 'Pos': 'DH', 'divider': '', 'Events': '2', 'EV': '96.4', 'maxEV': '101.6', 'LA': '21.8', 'Barrels': '1', 'Barrel%': '50.0%', 'HardHit': '1', 'HardHit%': '50.0%', 'type': '24'}"
266,"{'Date': '2023-04-05', 'Team': 'LAA', 'Opp': '@SEA', 'BO': '3', 'Pos': 'DH-P', 'divider': '', 'Events': '2', 'EV': '81.7', 'maxEV': '95.9', 'LA': '28.8', 'Barrels': '0', 'Barrel%': '0.0%', 'HardHit': '1', 'HardHit%': '50.0%', 'type': '24'}"
267,"{'Date': '2023-04-04', 'Team': 'LAA', 'Opp': '@SEA', 'BO': '3', 'Pos': 'DH', 'divider': '', 'Events': '2', 'EV': '82.3', 'maxEV': '87.3', 'LA': '-2.6', 'Barrels': '0', 'Barrel%': '0.0%', 'HardHit': '0', 'HardHit%': '0.0%', 'type': '24'}"
268,"{'Date': '2023-04-03', 'Team': 'LAA', 'Opp': '@SEA', 'BO': '3', 'Pos': 'DH', 'divider': '', 'Events': '4', 'EV': '99.9', 'maxEV': '110.3', 'LA': '16.2', 'Barrels': '1', 'Barrel%': '25.0%', 'HardHit': '3', 'HardHit%': '75.0%', 'type': '24'}"
269,"{'Date': '2023-04-02', 'Team': 'LAA', 'Opp': '@OAK', 'BO': '3', 'Pos': 'DH', 'divider': '', 'Events': '2', 'EV': '107.0', 'maxEV': '110.8', 'LA': '22.8', 'Barrels': '1', 'Barrel%': '50.0%', 'HardHit': '2', 'HardHit%': '100.0%', 'type': '24'}"
270,"{'Date': '2023-04-01', 'Team': 'LAA', 'Opp': '@OAK', 'BO': '3', 'Pos': 'DH', 'divider': '', 'Events': '4', 'EV': '100.3', 'maxEV': '100.9', 'LA': '1.4', 'Barrels': '0', 'Barrel%': '0.0%', 'HardHit': '4', 'HardHit%': '100.0%', 'type': '24'}"
271,"{'Date': '2023-03-30', 'Team': 'LAA', 'Opp': '@OAK', 'BO': '3', 'Pos': 'DH-P', 'divider': '', 'Events': '1', 'EV': '111.6', 'maxEV': '111.6', 'LA': '-2.7', 'Barrels': '0', 'Barrel%': '0.0%', 'HardHit': '1', 'HardHit%': '100.0%', 'type': '24'}"
